2.56730769230769,1.16254578754578,13.5911172161172,30.8768315018315,9.44826007326007,5.59111721611721,27.0196886446886,11.0196886446886,21.8768315018315,8.44826007326007,-8.40888278388278,2.59111721611721,4.44826007326007,0.591117216117215,-14.2660256410256,6.16254578754579,4.59111721611721,-9.83745421245422,-14.5517399267399,-15.1231684981685,-6.1231684981685,-5.26602564102564,-9.26602564102564,-10.2660256410256,-8.69459706959707,-11.5517399267399,-10.6945970695971,-8.98031135531136,-9.40888278388278,-9.69459706959707,-8.83745421245422,-9.1231684981685,-15.5517399267399,-13.4088827838828,-14.1231684981685,-12.4088827838828,-0.551739926739927,-0.694597069597069,-6.40888278388278,3.01968864468864,12.0196886446886,18.8768315018315,-2.69459706959707,-13.9803113553114,-7.55173992673993,0.162545787545785,1.44826007326007,12.7339743589744,23.0196886446886,1.16254578754578,20.8768315018315,14.1625457875458
4.89560439560439,2.60989010989011,14.6098901098901,27.3241758241758,9.60989010989011,9.75274725274725,28.6098901098901,10.3241758241758,23.467032967033,10.7527472527472,-5.67582417582418,3.89560439560439,4.60989010989011,7.18131868131868,-12.3901098901099,10.7527472527472,8.60989010989011,-8.81868131868132,-11.3901098901099,-12.3901098901099,-7.81868131868132,-5.96153846153846,-11.532967032967,-10.3901098901099,-9.81868131868132,-13.8186813186813,-11.9615384615385,-10.1043956043956,-15.2472527472527,-12.1043956043956,-12.9615384615385,-13.6758241758242,-19.2472527472527,-16.6758241758242,-16.6758241758242,-13.9615384615385,-0.104395604395606,-2.10439560439561,-4.53296703296703,4.46703296703296,11.1813186813187,17.3241758241758,-6.53296703296703,-16.1043956043956,-13.1043956043956,0.609890109890109,2.75274725274725,14.8956043956044,20.3241758241758,8.18131868131868,22.8956043956044,15.467032967033
9.34203296703297,4.79441391941392,7.93727106227107,26.9372710622711,-6.34844322344322,2.0801282051282,20.3658424908425,-3.77701465201465,14.7944139194139,6.36584249084249,-11.9198717948718,-5.77701465201465,3.0801282051282,-2.20558608058608,-13.7770146520146,6.50869963369964,3.65155677655678,-11.4913003663004,-11.2055860805861,-13.7770146520146,-5.34844322344322,-5.34844322344322,-14.4913003663004,-9.49130036630036,-9.91987179487179,-13.6341575091575,-12.2055860805861,-3.49130036630036,-13.4913003663004,-9.77701465201465,-4.91987179487179,-8.34844322344322,-11.3484432234432,-7.63415750915751,-10.4913003663004,-6.63415750915751,13.3658424908425,11.5086996336996,0.651556776556777,3.22298534798535,17.2229853479854,25.5086996336996,-0.062728937728938,-14.3484432234432,-2.63415750915751,-0.20558608058608,-2.63415750915751,9.22298534798535,24.0801282051282,9.79441391941392,12.3658424908425,13.9372710622711
12.1181318681319,-0.596153846153847,8.26098901098901,24.260989010989,0.118131868131869,2.11813186813187,7.68956043956044,-13.5961538461538,15.8324175824176,8.40384615384615,-5.88186813186813,-9.73901098901099,-0.0247252747252773,-8.59615384615385,-5.4532967032967,-3.59615384615385,3.5467032967033,-3.4532967032967,-2.59615384615385,-16.0247252747253,-2.02472527472527,6.97527472527472,8.40384615384615,-2.31043956043956,-7.59615384615385,-8.31043956043956,1.40384615384615,-5.16758241758242,-3.02472527472527,-7.16758241758242,-6.16758241758242,-1.59615384615385,-2.16758241758242,-9.59615384615385,-16.8818681318681,-8.16758241758242,8.97527472527472,7.26098901098901,-5.59615384615385,-7.59615384615385,10.1181318681319,15.5467032967033,-3.31043956043956,-8.88186813186813,-2.73901098901099,-6.02472527472527,-3.16758241758242,6.26098901098901,12.4038461538462,0.118131868131869,18.8324175824176,8.40384615384615
20.3887362637363,11.4601648351648,1.17445054945055,10.7458791208791,2.03159340659341,8.17445054945055,9.46016483516484,10.1744505494505,13.3173076923077,8.17445054945055,0.888736263736265,2.03159340659341,0.0315934065934069,0.174450549450551,-3.82554945054945,-1.11126373626374,1.03159340659341,-1.68269230769231,-6.53983516483516,-7.82554945054945,-4.68269230769231,-2.25412087912088,-4.53983516483516,-3.96840659340659,-5.82554945054945,-7.82554945054945,1.46016483516484,-5.11126373626374,-7.25412087912088,-4.68269230769231,-4.11126373626374,-0.682692307692307,-7.68269230769231,-7.68269230769231,-7.39697802197802,-7.25412087912088,-4.53983516483516,-2.39697802197802,-5.11126373626374,-5.11126373626374,-1.53983516483516,0.317307692307693,-5.25412087912088,0.888736263736265,-1.68269230769231,1.88873626373626,3.03159340659341,5.31730769230769,4.31730769230769,2.88873626373626,10.1744505494505,-1.96840659340659
8.85851648351648,-3.35576923076923,13.6442307692308,28.5013736263736,9.50137362637363,5.50137362637363,21.9299450549451,6.92994505494505,22.5013736263736,15.0728021978022,-0.498626373626376,-3.64148351648352,9.35851648351648,0.0728021978021971,-11.4986263736264,6.21565934065934,8.21565934065934,-8.78434065934066,-12.3557692307692,-14.2129120879121,-6.21291208791209,-1.64148351648352,-7.64148351648352,-10.4986263736264,-9.35576923076923,-11.9271978021978,-12.3557692307692,-10.2129120879121,-11.9271978021978,-10.3557692307692,-5.49862637362638,-6.07005494505495,-14.6414835164835,-11.9271978021978,-14.7843406593407,-14.9271978021978,2.92994505494505,2.92994505494505,-9.64148351648352,-3.78434065934066,4.35851648351648,6.0728021978022,2.78708791208791,-14.7843406593407,-7.35576923076923,-0.641483516483518,1.92994505494505,9.50137362637363,22.7870879120879,0.0728021978021971,26.0728021978022,14.7870879120879
16.1813186813187,5.89560439560439,14.6098901098901,27.7527472527472,5.60989010989011,9.46703296703296,19.467032967033,2.03846153846153,14.8956043956044,12.7527472527472,-1.67582417582418,-2.10439560439561,4.03846153846153,-6.53296703296704,-10.8186813186813,-1.10439560439561,4.32417582417582,-11.2472527472527,-4.81868131868132,-8.96153846153846,-5.53296703296704,-1.39010989010989,-10.532967032967,-9.10439560439561,-14.9615384615385,-14.6758241758242,-14.2472527472527,-11.2472527472527,-15.8186813186813,-13.8186813186813,-13.2472527472527,-10.8186813186813,-18.9615384615385,-9.81868131868132,-15.6758241758242,-14.2472527472527,3.46703296703296,-0.390109890109891,-6.53296703296704,1.32417582417582,5.60989010989011,13.467032967033,0.609890109890109,-13.3901098901099,-7.53296703296704,10.467032967033,3.18131868131868,8.18131868131868,28.6098901098901,7.46703296703296,31.7527472527472,18.0384615384615
4.08379120879121,5.05998168498169,10.2028388278388,24.0599816849817,11.6314102564103,5.7742673992674,25.2028388278388,4.20283882783883,13.4885531135531,5.63141025641026,-7.94001831501831,1.91712454212454,0.917124542124544,-5.08287545787546,-14.5114468864469,11.4885531135531,4.91712454212454,-9.51144688644689,-12.2257326007326,-14.3685897435897,-7.94001831501831,-8.94001831501831,-10.3685897435897,-7.94001831501831,-6.51144688644688,-8.08287545787546,-9.94001831501831,-6.36858974358974,-11.0828754578755,-6.36858974358974,-3.51144688644688,-9.65430402930403,-12.3685897435897,-7.65430402930403,-12.0828754578755,-9.65430402930403,3.48855311355312,1.63141025641026,-1.94001831501831,-5.65430402930403,-1.2257326007326,5.34569597069597,-1.2257326007326,-9.51144688644689,-4.79716117216117,0.345695970695971,6.20283882783883,17.0599816849817,16.4885531135531,11.2028388278388,17.7742673992674,18.345695970696
-0.265109890109891,1.47298534798535,9.47298534798535,28.3301282051282,5.04441391941392,7.90155677655678,4.90155677655678,4.75869963369964,16.4729853479853,8.04441391941392,-8.24130036630036,1.75869963369964,2.75869963369964,-0.384157509157507,-14.8127289377289,5.75869963369964,3.61584249084249,-7.52701465201465,-10.3841575091575,-14.3841575091575,-7.52701465201465,-5.52701465201465,-9.09844322344322,-8.09844322344322,-6.6698717948718,-10.3841575091575,-10.6698717948718,-8.24130036630036,-11.5270146520147,-9.81272893772894,-6.52701465201465,-8.52701465201465,-14.2413003663004,-10.6698717948718,-12.6698717948718,-10.6698717948718,-0.241300366300365,-0.384157509157507,-3.95558608058608,2.3301282051282,10.3301282051282,22.1872710622711,-0.241300366300365,-5.95558608058608,-7.95558608058608,1.3301282051282,0.758699633699635,16.1872710622711,17.7586996336996,7.33012820512821,29.0444139194139,18.0444139194139
0.137362637362639,4.32783882783883,9.75641025641026,27.3278388278388,7.75641025641026,8.32783882783882,22.3278388278388,8.61355311355312,16.7564102564103,0.327838827838828,-10.9578754578755,4.32783882783883,-1.24358974358974,-3.67216117216117,-11.8150183150183,2.8992673992674,2.8992673992674,-10.2435897435897,-11.2435897435897,-13.6721611721612,-8.38644688644689,-7.95787545787546,-11.1007326007326,-8.52930402930403,-8.1007326007326,-10.6721611721612,-8.38644688644689,-6.24358974358974,-12.529304029304,-8.95787545787546,-5.95787545787546,-9.38644688644689,-13.6721611721612,-11.6721611721612,-11.9578754578755,-10.8150183150183,2.18498168498169,2.8992673992674,-4.24358974358974,0.327838827838828,11.0421245421245,18.1849816849817,-3.24358974358974,-10.529304029304,-7.1007326007326,5.8992673992674,0.613553113553113,19.1849816849817,15.3278388278388,9.04212454212454,26.0421245421245,15.7564102564103
9.47115384615385,4.06639194139194,14.3521062271062,31.6378205128205,-2.0764652014652,3.63782051282051,22.0663919413919,1.78067765567766,15.0663919413919,7.78067765567766,-2.64789377289377,-4.79075091575092,10.6378205128205,-1.64789377289377,-14.5050366300366,6.35210622710623,4.49496336996337,-10.2193223443223,-11.6478937728938,-17.2193223443223,-4.93360805860806,-8.79075091575092,-12.0764652014652,-11.6478937728938,-11.7907509157509,-12.9336080586081,-12.9336080586081,-8.36217948717949,-12.3621794871795,-11.6478937728938,-8.50503663003663,-8.0764652014652,-12.7907509157509,-8.50503663003663,-14.2193223443223,-10.5050366300366,5.06639194139194,4.63782051282051,-3.0764652014652,2.06639194139194,15.6378205128205,21.7806776556777,-0.790750915750916,-14.3621794871795,-7.36217948717949,-1.64789377289377,-0.933608058608062,17.0663919413919,20.2092490842491,8.78067765567766,18.4949633699634,17.9235347985348
13.0096153846154,0.795329670329668,12.2239010989011,29.6524725274725,-0.918956043956044,2.36675824175824,21.9381868131868,-1.63324175824176,17.3667582417582,5.08104395604396,-13.0618131868132,-3.06181318681319,-0.0618131868131897,-3.63324175824176,-12.7760989010989,0.366758241758241,-0.776098901098901,-12.4903846153846,-10.918956043956,-17.0618131868132,-9.49038461538462,-10.2046703296703,-7.63324175824176,-10.3475274725275,-4.7760989010989,-10.3475274725275,-10.918956043956,-2.06181318681319,-6.91895604395604,-8.91895604395604,-1.20467032967033,-7.7760989010989,-13.6332417582418,-9.49038461538462,-10.0618131868132,-13.2046703296703,-4.49038461538462,4.08104395604396,7.2239010989011,0.366758241758241,15.081043956044,21.5096153846154,0.223901098901099,-10.3475274725275,0.366758241758241,-0.204670329670332,-3.49038461538462,17.7953296703297,22.9381868131868,12.7953296703297,15.5096153846154,11.2239010989011
3.10576923076923,-0.39423076923077,9.89148351648351,24.3200549450549,-1.53708791208791,0.177197802197803,14.3200549450549,0.034340659340657,8.03434065934066,3.74862637362638,-10.9656593406593,-5.25137362637363,2.74862637362638,-4.39423076923077,-14.6799450549451,-2.8228021978022,-3.96565934065934,-13.8228021978022,-6.8228021978022,-10.6799450549451,-1.39423076923077,-10.9656593406593,-14.5370879120879,-8.39423076923077,-5.8228021978022,-12.8228021978022,-10.8228021978022,-4.39423076923077,-7.39423076923077,-7.67994505494505,-5.53708791208791,-7.8228021978022,-14.1085164835165,-4.25137362637363,-7.10851648351649,-8.8228021978022,7.46291208791208,-7.25137362637363,-6.25137362637363,-6.96565934065934,1.74862637362638,24.0343406593407,-2.67994505494505,-12.3942307692308,-4.67994505494505,4.74862637362638,8.60576923076923,26.3200549450549,34.8914835164835,13.1771978021978,31.3200549450549,28.7486263736264
3.91071428571428,4.64880952380952,14.9345238095238,31.9345238095238,-3.06547619047619,3.07738095238095,14.3630952380952,-5.49404761904762,15.0773809523809,8.9345238095238,-9.35119047619048,-5.35119047619048,5.64880952380952,-6.20833333333334,-10.6369047619048,5.79166666666666,5.22023809523809,-10.4940476190476,-8.92261904761905,-16.7797619047619,-6.20833333333334,-6.35119047619048,-16.3511904761905,-14.2083333333333,-10.4940476190476,-13.0654761904762,-13.2083333333333,-6.06547619047619,-13.2083333333333,-12.0654761904762,-5.20833333333334,-8.63690476190477,-14.0654761904762,-7.49404761904762,-12.9226190476191,-9.92261904761905,7.9345238095238,9.64880952380952,-1.77976190476191,-0.208333333333336,17.7916666666667,25.7916666666667,-1.77976190476191,-16.0654761904762,-2.92261904761905,3.9345238095238,-4.63690476190477,18.2202380952381,33.3630952380952,14.5059523809524,14.5059523809524,13.9345238095238
8.30631868131868,2.99679487179487,7.99679487179487,27.2825091575092,15.139652014652,12.8539377289377,29.4253663003663,15.139652014652,24.2825091575092,10.4253663003663,-8.86034798534799,4.85393772893773,-0.574633699633701,-2.71749084249084,-17.4317765567766,3.99679487179487,1.71108058608059,-10.5746336996337,-13.2889194139194,-16.5746336996337,-11.0032051282051,-9.71749084249084,-13.2889194139194,-12.4317765567766,-9.43177655677656,-11.4317765567766,-12.2889194139194,-7.00320512820513,-12.5746336996337,-10.1460622710623,-8.5746336996337,-13.0032051282051,-14.1460622710623,-14.0032051282051,-13.1460622710623,-12.4317765567766,-1.28891941391941,-0.14606227106227,-7.86034798534799,3.85393772893773,7.99679487179487,15.4253663003663,-4.00320512820513,-11.860347985348,-10.1460622710623,3.13965201465201,-0.14606227106227,20.5682234432234,18.2825091575092,10.4253663003663,27.2825091575092,18.7110805860806
12.0947802197802,5.30906593406593,12.7376373626374,35.0233516483516,-9.26236263736264,4.16620879120879,22.0233516483516,-3.54807692307692,12.7376373626374,7.30906593406593,-11.2623626373626,-5.83379120879121,5.02335164835165,-1.97664835164835,-14.6909340659341,8.30906593406593,2.02335164835165,-11.9766483516484,-10.9766483516484,-14.8337912087912,-4.54807692307692,-6.69093406593407,-14.1195054945055,-8.97664835164835,-12.5480769230769,-15.6909340659341,-13.1195054945055,-6.26236263736264,-12.1195054945055,-12.9766483516484,-9.40521978021978,-9.40521978021978,-10.9766483516484,-12.1195054945055,-12.6909340659341,-9.54807692307692,12.4519230769231,9.30906593406593,-0.262362637362635,2.16620879120879,17.5947802197802,21.8804945054945,-2.1195054945055,-13.9766483516484,-4.83379120879121,0.309065934065934,-2.40521978021978,18.5947802197802,24.1662087912088,14.5947802197802,15.4519230769231,15.8804945054945
9.74587912087912,5.38873626373626,17.5315934065934,35.5315934065934,-1.75412087912088,6.96016483516483,16.9601648351648,-6.89697802197803,18.103021978022,13.6744505494505,-10.0398351648352,-9.4684065934066,1.96016483516483,-7.75412087912088,-12.0398351648352,-1.4684065934066,0.531593406593402,-13.0398351648352,-10.7541208791209,-18.1826923076923,-6.18269230769231,-6.61126373626374,-15.3255494505495,-12.4684065934066,-13.1826923076923,-14.896978021978,-13.7541208791209,-10.0398351648352,-10.1826923076923,-6.32554945054946,-5.4684065934066,-7.89697802197803,-13.7541208791209,-8.03983516483517,-13.7541208791209,-9.18269230769231,9.96016483516483,4.10302197802197,-3.4684065934066,-5.18269230769231,16.2458791208791,23.3887362637363,1.38873626373626,-13.1826923076923,-0.0398351648351678,1.96016483516483,-2.4684065934066,21.9601648351648,26.3887362637363,12.3887362637363,20.6744505494505,17.9601648351648
5.09752747252747,6.97847985347985,17.4070512820513,30.4070512820513,-1.16437728937729,6.40705128205128,16.9784798534799,-3.73580586080586,16.6927655677656,5.69276556776557,-6.59294871794872,-5.73580586080586,5.83562271062271,-1.878663003663,-8.878663003663,1.26419413919414,0.835622710622708,-11.878663003663,-9.02152014652015,-15.7358058608059,-4.16437728937729,-0.735805860805861,-14.7358058608059,-9.59294871794872,-15.5929487179487,-17.1643772893773,-13.878663003663,-9.73580586080586,-11.5929487179487,-12.4500915750916,-5.16437728937729,-7.73580586080586,-11.878663003663,-8.73580586080586,-13.5929487179487,-9.59294871794872,11.2641941391941,7.69276556776557,-2.45009157509158,-2.73580586080586,12.6927655677656,19.5499084249084,-3.30723443223443,-15.4500915750916,-3.59294871794872,-0.735805860805861,-1.30723443223443,19.4070512820513,27.8356227106227,12.9784798534799,17.9784798534799,17.5499084249084
5.76236263736264,4.64331501831502,12.9290293040293,27.643315018315,7.78617216117216,7.35760073260073,14.5004578754579,9.78617216117216,20.5004578754579,10.2147435897436,-6.21382783882784,3.35760073260073,3.07188644688645,0.214743589743588,-12.2138278388278,7.21474358974359,6.78617216117216,-9.78525641025641,-12.6423992673993,-1.92811355311355,-8.21382783882784,-7.21382783882784,-8.64239926739927,-11.2138278388278,-10.4995421245421,-13.0709706959707,-9.0709706959707,-5.64239926739927,-14.4995421245421,-14.356684981685,-11.9281135531136,-11.0709706959707,-18.6423992673993,-15.7852564102564,-8.49954212454212,-10.4995421245421,-1.35668498168498,-3.78525641025641,-5.35668498168498,0.500457875457876,7.64331501831502,16.2147435897436,-2.49954212454212,-14.9281135531136,-10.0709706959707,2.64331501831502,1.78617216117216,14.0718864468864,25.0718864468864,5.64331501831502,26.643315018315,17.643315018315
21.3846153846154,10.3846153846154,12.2417582417582,35.5274725274725,14.6703296703297,12.5274725274725,28.956043956044,18.3846153846154,22.5274725274725,11.0989010989011,-2.47252747252747,8.95604395604395,5.0989010989011,-1.04395604395604,-8.9010989010989,-2.47252747252747,3.0989010989011,-11.9010989010989,-9.18681318681319,-15.3296703296703,-12.3296703296703,-8.04395604395604,-11.4725274725275,-13.7582417582418,-12.043956043956,-14.6153846153846,-10.9010989010989,-12.9010989010989,-15.1868131868132,-13.1868131868132,-9.04395604395604,-13.6153846153846,-19.4725274725275,-18.6153846153846,-19.3296703296703,-15.6153846153846,-4.18681318681319,-3.75824175824176,-13.043956043956,-2.18681318681319,2.0989010989011,3.95604395604395,-2.9010989010989,-3.9010989010989,-5.32967032967033,4.81318681318681,6.67032967032967,18.6703296703297,22.956043956044,6.67032967032967,22.3846153846154,13.6703296703297
1.11401098901099,0.756868131868131,7.3282967032967,24.7568681318681,8.61401098901099,4.3282967032967,19.8997252747253,12.0425824175824,18.3282967032967,4.75686813186813,-7.81456043956044,3.89972527472527,1.3282967032967,-5.52884615384615,-14.2431318681319,2.75686813186813,3.47115384615385,-8.52884615384615,-11.1002747252747,-14.6717032967033,-8.6717032967033,-6.95741758241758,-9.6717032967033,-10.1002747252747,-8.24313186813187,-10.1002747252747,-10.6717032967033,-7.52884615384615,-11.385989010989,-7.6717032967033,-6.38598901098901,-7.52884615384615,-11.1002747252747,-10.6717032967033,-12.8145604395604,-11.5288461538462,-0.814560439560438,2.3282967032967,-5.95741758241758,-0.385989010989011,7.47115384615385,15.1854395604396,1.3282967032967,-10.6717032967033,-5.10027472527473,6.04258241758242,3.04258241758242,15.8997252747253,22.3282967032967,3.47115384615385,30.614010989011,14.7568681318681
7.88598901098901,5.33836996336996,10.6240842490842,27.0526556776557,8.19551282051282,9.76694139194139,26.1955128205128,2.90979853479854,14.0526556776557,4.33836996336996,-11.2330586080586,6.90979853479853,-0.0902014652014635,-1.66163003663004,-14.66163003663,6.19551282051282,-0.0902014652014635,-10.8044871794872,-7.80448717948718,-13.8044871794872,-3.94734432234432,-8.09020146520146,-11.2330586080586,-9.51877289377289,-8.51877289377289,-11.2330586080586,-10.8044871794872,-5.80448717948718,-13.3759157509158,-7.09020146520146,-6.09020146520146,-9.23305860805861,-7.37591575091575,-13.2330586080586,-11.0902014652015,-9.09020146520146,3.05265567765568,0.766941391941394,-5.80448717948718,-3.94734432234432,-1.94734432234432,5.05265567765568,-0.804487179487179,-10.3759157509158,-3.51877289377289,5.48122710622711,0.624084249084252,16.9097985347985,19.4812271062271,12.1955128205128,24.9097985347985,14.33836996337
27.2733516483516,3.34478021978022,12.0590659340659,31.2019230769231,9.6304945054945,7.77335164835165,24.2019230769231,6.9162087912088,17.2019230769231,10.4876373626374,-9.65521978021978,-1.22664835164835,3.34478021978022,-2.65521978021978,-16.0837912087912,0.77335164835165,0.344780219780223,-12.3695054945055,-15.3695054945055,-12.3695054945055,-10.9409340659341,-9.79807692307692,-10.2266483516484,-11.2266483516484,-9.22664835164835,-14.3695054945055,-12.7980769230769,-10.7980769230769,-15.3695054945055,-13.2266483516484,-5.79807692307692,-10.9409340659341,-17.0837912087912,-13.3695054945055,-16.0837912087912,-14.3695054945055,-4.36950549450549,-3.08379120879121,-5.79807692307692,-0.940934065934066,9.05906593406593,14.3447802197802,-0.512362637362635,-13.3695054945055,-6.94093406593407,4.6304945054945,6.20192307692308,17.9162087912088,28.4876373626374,8.34478021978022,31.9162087912088,24.9162087912088
-1.40934065934066,-0.123626373626376,3.16208791208791,24.4478021978022,9.30494505494505,8.87637362637362,22.8763736263736,13.1620879120879,21.8763736263736,12.0192307692308,-10.2664835164835,5.01923076923077,0.876373626373624,-1.26648351648352,-11.9807692307692,4.16208791208791,0.733516483516482,-8.26648351648352,-10.8379120879121,-10.5521978021978,-7.12362637362638,-7.69505494505495,-10.1236263736264,-8.40934065934066,-5.69505494505495,-10.9807692307692,-8.5521978021978,-8.69505494505495,-13.1236263736264,-9.5521978021978,-8.26648351648352,-9.98076923076923,-14.4093406593407,-12.9807692307692,-13.1236263736264,-11.2664835164835,-2.83791208791209,-3.12362637362638,-7.83791208791209,2.16208791208791,9.59065934065934,13.5906593406593,4.87637362637362,-11.1236263736264,-5.69505494505495,3.16208791208791,11.7335164835165,23.3049450549451,15.8763736263736,6.4478021978022,20.7335164835165,7.30494505494505
0.219780219780219,2.12454212454212,5.26739926739927,22.1245421245421,10.2673992673993,8.26739926739927,27.8388278388278,17.2673992673993,22.6959706959707,12.6959706959707,-3.73260073260073,9.98168498168498,4.26739926739927,0.838827838827836,-11.5897435897436,8.26739926739927,4.98168498168498,-6.87545787545788,-9.73260073260074,-12.1611721611722,-5.44688644688645,-4.58974358974359,-9.16117216117216,-6.73260073260074,-5.44688644688645,-7.58974358974359,-9.30402930402931,-5.01831501831502,-10.5897435897436,-6.44688644688645,-4.01831501831502,-4.16117216117216,-12.018315018315,-11.4468864468864,-13.1611721611722,-9.73260073260074,-2.01831501831502,-2.44688644688645,-6.58974358974359,-4.30402930402931,7.83882783882784,10.6959706959707,-2.01831501831502,-11.018315018315,-9.01831501831502,-0.732600732600734,-5.16117216117216,10.6959706959707,6.41025641025641,2.41025641025641,13.8388278388278,3.26739926739927
17.8461538461538,7.7032967032967,15.5604395604396,33.7032967032967,0.417582417582416,1.84615384615385,25.4175824175824,3.7032967032967,13.1318681318681,6.41758241758242,-13.010989010989,-1.86813186813187,3.41758241758242,-1.72527472527473,-14.1538461538462,8.56043956043956,-0.439560439560438,-11.4395604395604,-12.5824175824176,-19.4395604395604,-8.15384615384615,-10.4395604395604,-15.1538461538462,-11.5824175824176,-11.7252747252747,-14.2967032967033,-13.2967032967033,-9.72527472527473,-13.8681318681319,-13.4395604395604,-9.58241758241758,-11.010989010989,-15.2967032967033,-11.7252747252747,-13.8681318681319,-11.010989010989,4.98901098901099,2.98901098901099,-4.15384615384615,3.13186813186813,10.8461538461538,26.989010989011,-2.2967032967033,-10.8681318681319,-5.72527472527473,4.41758241758242,-1.15384615384615,19.7032967032967,25.5604395604396,10.7032967032967,22.7032967032967,23.2747252747253
10.3928571428571,5.20238095238096,12.7738095238095,25.6309523809524,-2.51190476190476,4.20238095238096,16.7738095238095,-1.65476190476191,15.202380952381,6.91666666666666,-10.2261904761905,-5.94047619047619,6.48809523809524,-2.51190476190476,-12.797619047619,6.48809523809524,2.77380952380953,-10.5119047619048,-9.08333333333333,-15.0833333333333,-5.65476190476191,-6.94047619047619,-13.2261904761905,-9.79761904761905,-11.2261904761905,-13.0833333333333,-13.797619047619,-7.36904761904762,-13.0833333333333,-11.0833333333333,-7.36904761904762,-8.79761904761905,-11.5119047619048,-7.94047619047619,-11.9404761904762,-8.94047619047619,7.63095238095238,6.05952380952381,-3.65476190476191,0.916666666666668,17.3452380952381,24.0595238095238,3.34523809523809,-14.0833333333333,-4.51190476190476,2.05952380952381,-2.94047619047619,14.7738095238095,27.3452380952381,11.202380952381,14.0595238095238,15.6309523809524
5.71978021978022,2.38644688644688,8.95787545787545,25.2435897435897,-6.32783882783883,-0.327838827838832,16.6721611721612,-5.04212454212455,12.9578754578755,6.38644688644688,-14.7564102564103,-8.47069597069597,7.81501831501831,-3.04212454212455,-17.6135531135531,8.95787545787545,6.95787545787545,-15.7564102564103,-17.1849816849817,-19.3278388278388,-3.75641025641026,-6.61355311355312,-15.0421245421245,-9.32783882783883,-8.04212454212454,-13.7564102564103,-13.0421245421245,-6.61355311355312,-13.6135531135531,-17.470695970696,-10.470695970696,-8.61355311355312,-13.6135531135531,-10.3278388278388,-14.3278388278388,-8.04212454212454,17.8150183150183,13.529304029304,1.24358974358974,3.81501831501831,25.529304029304,34.8150183150183,2.52930402930403,-16.7564102564103,-4.61355311355312,3.81501831501831,-3.61355311355312,23.9578754578755,42.2435897435897,15.8150183150183,9.1007326007326,9.24358974358974
9.80631868131868,8.78250915750916,14.639652014652,27.2110805860806,5.35393772893773,6.63965201465201,30.0682234432234,2.78250915750916,15.9253663003663,5.9253663003663,-10.5032051282051,0.496794871794872,4.78250915750916,1.06822344322344,-14.9317765567766,6.9253663003663,2.78250915750916,-9.78891941391941,-10.6460622710623,-14.360347985348,-5.50320512820513,-9.0746336996337,-7.93177655677656,-10.2174908424908,-9.21749084249084,-11.7889194139194,-13.6460622710623,-9.50320512820513,-14.7889194139194,-12.2174908424908,-8.64606227106227,-14.2174908424908,-11.6460622710623,-14.0746336996337,-14.5032051282051,-12.360347985348,-0.217490842490843,-2.0746336996337,-5.78891941391941,-0.64606227106227,10.7825091575092,21.7825091575092,-0.217490842490843,-13.2174908424908,-3.36034798534799,4.21108058608058,-0.788919413919412,17.0682234432234,28.4967948717949,13.639652014652,11.0682234432234,15.639652014652
17.4120879120879,6.6025641025641,17.0311355311355,35.8882783882784,-0.111721611721613,8.17399267399268,17.1739926739927,-5.54029304029304,19.7454212454212,12.459706959707,-5.25457875457876,-6.54029304029304,5.03113553113553,-5.11172161172161,-8.25457875457876,-3.11172161172161,-0.54029304029304,-11.540293040293,-10.3974358974359,-15.540293040293,-8.68315018315018,-2.25457875457876,-7.96886446886447,-9.54029304029304,-12.1117216117216,-17.1117216117216,-18.8260073260073,-12.2545787545788,-11.1117216117216,-9.96886446886447,-5.82600732600733,-5.82600732600733,-12.8260073260073,-6.96886446886447,-15.1117216117216,-9.54029304029304,8.88827838827839,1.88827838827839,-1.68315018315018,-6.25457875457876,12.3168498168498,16.3168498168498,-1.68315018315018,-10.540293040293,-5.68315018315018,-1.25457875457876,3.74542124542124,16.8882783882784,23.3168498168498,16.1739926739927,13.1739926739927,12.7454212454212
14.1401098901099,3.56868131868132,13.8543956043956,32.8543956043956,0.282967032967033,7.42582417582418,15.282967032967,-5.43131868131868,18.5686813186813,11.7115384615385,-4.43131868131868,-5.57417582417582,4.99725274725275,-5.00274725274725,-8.85989010989011,0.711538461538463,2.85439560439561,-10.2884615384615,-8.43131868131868,-15.5741758241758,-8.28846153846154,-5.71703296703297,-9.14560439560439,-10.5741758241758,-11.5741758241758,-13.2884615384615,-13.0027472527473,-11.8598901098901,-10.8598901098901,-9.28846153846154,-3.57417582417582,-6.00274725274725,-11.5741758241758,-6.43131868131868,-13.5741758241758,-9.71703296703297,6.99725274725274,1.71153846153846,-0.288461538461537,-1.85989010989011,11.8543956043956,16.7115384615385,1.71153846153846,-11.8598901098901,-3.85989010989011,-3.28846153846154,-1.43131868131868,17.1401098901099,21.8543956043956,6.14010989010989,17.4258241758242,12.8543956043956
9.19917582417582,3.31822344322344,12.6039377289377,33.889652014652,-3.39606227106227,8.46108058608059,18.7467948717949,-6.53891941391942,15.6039377289377,8.74679487179487,-7.25320512820513,-4.53891941391942,4.03250915750916,-4.11034798534799,-8.96749084249084,1.74679487179487,3.1753663003663,-9.39606227106227,-6.96749084249084,-12.3960622710623,-7.25320512820513,-4.53891941391942,-12.3960622710623,-9.8246336996337,-9.68177655677656,-12.8246336996337,-13.2532051282051,-10.9674908424908,-11.5389194139194,-8.68177655677656,-3.53891941391942,-6.39606227106227,-11.9674908424908,-5.8246336996337,-12.6817765567766,-10.110347985348,8.03250915750916,2.03250915750916,1.1753663003663,-3.8246336996337,12.3182234432234,15.7467948717949,-0.681776556776558,-8.96749084249084,-2.11034798534799,-1.11034798534799,-3.25320512820513,18.4610805860806,19.889652014652,10.0325091575092,15.1753663003663,12.6039377289377
9.46703296703296,9.94322344322345,13.0860805860806,35.6575091575092,5.22893772893773,10.9432234432234,26.9432234432234,4.8003663003663,12.6575091575092,7.94322344322345,-8.05677655677656,-0.342490842490843,0.514652014652015,-3.34249084249084,-17.9139194139194,1.08608058608058,0.657509157509153,-13.485347985348,-14.6282051282051,-19.0567765567766,-10.485347985348,-10.7710622710623,-14.1996336996337,-10.9139194139194,-6.1996336996337,-9.1996336996337,-14.7710622710623,-11.7710622710623,-15.7710622710623,-13.485347985348,-10.9139194139194,-14.0567765567766,-19.485347985348,-16.3424908424908,-16.485347985348,-14.0567765567766,-2.77106227106227,-3.05677655677656,-7.62820512820513,3.8003663003663,11.3717948717949,17.9432234432234,-1.91391941391942,-12.1996336996337,-6.48534798534799,5.8003663003663,6.51465201465201,22.514652014652,27.6575091575092,15.3717948717949,34.514652014652,35.3717948717949
2.75,6.75,14.1785714285714,35.75,7.60714285714285,14.8928571428571,28.4642857142857,10.6071428571429,21.8928571428571,14.4642857142857,-6.53571428571428,1.32142857142857,3.89285714285715,-1.67857142857143,-15.3928571428571,7.60714285714285,4.89285714285715,-10.6785714285714,-12.9642857142857,-16.9642857142857,-9.82142857142857,-7.25,-13.8214285714286,-9.53571428571428,-14.25,-14.1071428571429,-13.1071428571429,-12.5357142857143,-17.5357142857143,-14.5357142857143,-11.6785714285714,-15.1071428571429,-20.1071428571429,-15.9642857142857,-18.6785714285714,-14.8214285714286,-3.67857142857143,-4.25,-7.82142857142857,2.32142857142857,14.8928571428571,22.8928571428571,-1.39285714285714,-15.3928571428571,-7.82142857142857,4.32142857142857,4.60714285714285,19.6071428571429,25.75,8.03571428571428,28.3214285714286,21.6071428571429
7.64697802197803,9.38507326007326,14.9565018315018,27.9565018315018,3.67078754578754,0.670787545787547,19.6707875457875,0.242216117216117,9.81364468864469,4.67078754578754,-9.18635531135531,-4.04349816849817,4.95650183150184,-3.18635531135531,-12.900641025641,-2.18635531135531,1.81364468864469,-10.3292124542125,-11.900641025641,-15.1863553113553,-8.18635531135531,-8.75778388278388,-11.1863553113553,-8.90064102564103,-9.47206959706959,-7.04349816849817,-12.7577838827839,-10.0434981684982,-14.0434981684982,-12.3292124542125,-8.75778388278388,-9.61492673992674,-15.7577838827839,-12.3292124542125,-14.6149267399267,-10.1863553113553,2.67078754578754,5.81364468864469,2.24221611721612,2.95650183150184,16.3850732600733,27.6707875457875,4.09935897435897,-12.0434981684982,-7.90064102564103,1.81364468864469,-0.329212454212453,17.2422161172161,24.6707875457875,8.81364468864469,19.6707875457875,23.6707875457875
6.47664835164835,7.40521978021978,14.5480769230769,28.4052197802198,5.69093406593407,1.54807692307692,22.6909340659341,-0.309065934065934,17.8337912087912,3.69093406593407,-10.4519230769231,-4.16620879120879,8.54807692307692,0.690934065934066,-13.4519230769231,5.69093406593407,0.405219780219781,-10.1662087912088,-12.4519230769231,-17.4519230769231,-3.88049450549451,-6.88049450549451,-12.5947802197802,-9.73763736263736,-9.02335164835165,-10.7376373626374,-11.0233516483516,-7.59478021978022,-11.8804945054945,-10.8804945054945,-6.59478021978022,-10.4519230769231,-16.7376373626374,-12.3090659340659,-16.1662087912088,-12.0233516483516,1.40521978021978,4.8337912087912,-2.59478021978022,0.54807692307692,15.2623626373626,24.2623626373626,-2.02335164835165,-12.8804945054945,-2.59478021978022,1.97664835164835,-2.45192307692308,17.1195054945055,25.8337912087912,5.69093406593407,18.4052197802198,20.5480769230769
7.33516483516483,7.47802197802198,16.0494505494505,32.7637362637363,7.76373626373626,2.9065934065934,23.478021978022,1.47802197802198,20.3351648351648,12.1923076923077,-9.37912087912088,-2.95054945054945,7.04945054945055,-4.37912087912088,-14.0934065934066,7.9065934065934,2.04945054945055,-11.0934065934066,-10.3791208791209,-17.2362637362637,-9.09340659340659,-10.2362637362637,-12.9505494505495,-12.521978021978,-10.6648351648352,-15.6648351648352,-14.0934065934066,-11.6648351648352,-7.95054945054945,-14.6648351648352,-10.6648351648352,-15.0934065934066,-18.521978021978,-13.8076923076923,-16.6648351648352,-10.9505494505495,3.33516483516483,8.19230769230769,0.763736263736263,4.19230769230769,18.3351648351648,26.478021978022,4.33516483516483,-15.2362637362637,-8.37912087912088,2.33516483516483,-0.521978021978022,18.0494505494505,15.0494505494505,5.9065934065934,20.6208791208791,22.478021978022
-10.6593406593407,-2.13553113553114,-5.56410256410256,-2.99267399267399,-0.992673992673993,0.435897435897434,8.15018315018315,11.5787545787546,8.86446886446886,-0.564102564102564,-6.42124542124542,5.72161172161172,2.43589743589743,6.00732600732601,-6.84981684981685,10.1501831501831,15.8644688644689,-0.992673992673993,-4.42124542124542,-3.99267399267399,0.721611721611723,3.00732600732601,-3.42124542124542,-0.421245421245422,3.72161172161172,-2.56410256410256,-4.27838827838828,2.00732600732601,-3.27838827838828,1.29304029304029,-0.564102564102564,1.15018315018315,-6.99267399267399,-4.70695970695971,-3.70695970695971,-1.84981684981685,13.4358974358974,9.00732600732601,-3.70695970695971,3.15018315018315,11.5787545787546,21.1501831501832,-1.13553113553114,-4.13553113553114,-12.4212454212454,3.29304029304029,-7.70695970695971,-3.56410256410256,-6.56410256410256,-5.42124542124542,-8.27838827838828,-12.4212454212454
7.79258241758242,5.48305860805861,13.3402014652015,25.6259157509158,9.19734432234432,3.91163003663004,24.6259157509158,5.05448717948718,15.1973443223443,8.19734432234432,-8.80265567765568,-6.08836996336996,4.7687728937729,-1.80265567765568,-14.3740842490842,6.7687728937729,-0.374084249084248,-15.2312271062271,-12.8026556776557,-16.6597985347985,-3.94551282051282,-10.5169413919414,-9.94551282051282,-7.51694139194139,-11.8026556776557,-15.6597985347985,-8.80265567765568,-9.80265567765568,-12.2312271062271,-9.65979853479853,-15.3740842490842,-14.08836996337,-20.6597985347985,-12.5169413919414,-16.5169413919414,-11.8026556776557,2.19734432234432,4.7687728937729,-1.80265567765568,-0.374084249084248,13.7687728937729,22.4830586080586,-0.374084249084248,-13.9455128205128,-8.51694139194139,2.48305860805861,3.48305860805861,22.3402014652015,25.4830586080586,11.6259157509158,25.91163003663,27.4830586080586
0.778846153846153,6.27884615384615,5.56456043956044,33.2788461538462,13.2788461538462,5.85027472527472,25.5645604395604,0.70741758241758,15.2788461538462,8.99313186813187,-1.72115384615385,-2.5782967032967,-1.5782967032967,-3.14972527472527,-3.14972527472527,1.85027472527473,-2.43543956043956,-9.00686813186813,-7.29258241758242,-18.1497252747253,-4.29258241758242,-11.5782967032967,-15.4354395604396,-5.14972527472527,-8.29258241758242,-18.2925824175824,-9.86401098901099,-12.1497252747253,-13.4354395604396,-7.72115384615385,-10.0068681318681,-10.1497252747253,-8.72115384615385,-8.86401098901099,-16.2925824175824,-7.5782967032967,-0.721153846153847,-2.14972527472527,-2.5782967032967,-3.43543956043956,6.13598901098901,11.5645604395604,-7.00686813186813,-0.864010989010989,-8.43543956043956,4.4217032967033,7.99313186813187,13.4217032967033,22.4217032967033,5.70741758241758,27.9931318681319,24.9931318681319
9.31181318681319,9.76419413919414,5.04990842490843,23.0499084249084,7.47847985347985,11.0499084249084,17.3356227106227,18.7641941391941,18.1927655677656,13.9070512820513,-6.95009157509157,1.33562271062271,0.764194139194139,-2.23580586080586,-8.52152014652015,-2.66437728937729,3.19276556776557,-4.80723443223443,-9.23580586080586,-11.0929487179487,-5.66437728937729,-3.80723443223443,-7.66437728937729,-6.23580586080586,-5.378663003663,-7.52152014652015,-8.378663003663,-6.66437728937729,-9.52152014652015,-6.23580586080586,-6.378663003663,-5.95009157509157,-10.6643772893773,-10.2358058608059,-10.5215201465201,-9.95009157509157,-3.378663003663,-3.09294871794872,-7.52152014652015,-5.80723443223443,0.764194139194139,4.76419413919414,-1.80723443223443,-4.95009157509157,-4.09294871794872,1.621336996337,0.192765567765569,11.7641941391941,2.76419413919414,5.621336996337,18.0499084249084,12.1927655677656
17.4038461538462,8.83241758241758,11.6895604395604,25.5467032967033,7.5467032967033,8.97527472527472,22.1181318681319,8.83241758241758,15.260989010989,9.40384615384615,-3.4532967032967,4.83241758241758,6.83241758241758,0.975274725274726,-12.0247252747253,-5.16758241758242,2.11813186813187,-11.3104395604396,-13.739010989011,-13.8818681318681,-11.0247252747253,-7.88186813186813,-12.4532967032967,-12.5961538461538,-13.3104395604396,-10.1675824175824,-10.3104395604396,-8.02472527472527,-7.02472527472527,-9.02472527472527,-5.88186813186813,-4.16758241758242,-16.739010989011,-18.0247252747253,-18.3104395604396,-13.4532967032967,-0.739010989010989,-1.16758241758242,-10.1675824175824,-4.02472527472527,-2.59615384615385,9.11813186813187,1.40384615384615,-7.88186813186813,-3.4532967032967,6.11813186813187,8.11813186813187,18.1181318681319,23.1181318681319,13.260989010989,24.260989010989,14.1181318681319
2.25686813186813,0.0902014652014635,10.0902014652015,24.2330586080586,0.661630036630036,-1.76694139194139,23.2330586080586,10.8044871794872,15.3759157509157,7.23305860805861,-3.62408424908425,-1.90979853479854,7.51877289377289,-4.48122710622711,-15.6240842490842,5.23305860805861,2.37591575091575,-8.76694139194139,-11.33836996337,-16.0526556776557,-10.7669413919414,-6.62408424908425,-8.76694139194139,-8.48122710622711,-7.19551282051282,-9.33836996336996,-9.76694139194139,-7.76694139194139,-11.1955128205128,-12.6240842490842,-6.05265567765568,-4.90979853479854,-9.48122710622711,-10.6240842490843,-12.0526556776557,-9.33836996336996,2.51877289377289,1.09020146520146,-2.62408424908425,-0.481227106227109,9.51877289377289,15.66163003663,1.66163003663004,-11.9097985347985,-5.05265567765568,-0.338369963369964,2.66163003663004,15.66163003663,24.3759157509157,5.23305860805861,25.8044871794872,15.66163003663
12.331043956044,4.11675824175824,8.68818681318681,27.6881868131868,3.68818681318681,11.2596153846154,25.9739010989011,-0.0260989010989015,16.6881868131868,3.11675824175824,-11.7403846153846,-0.311813186813186,3.68818681318681,-6.31181318681319,-17.5975274725275,0.116758241758241,-1.31181318681319,-11.7403846153846,-12.3118131868132,-17.7403846153846,-11.168956043956,-12.4546703296703,-14.8832417582418,-11.0260989010989,-10.3118131868132,-10.5975274725275,-14.7403846153846,-2.0260989010989,-15.5975274725275,-12.168956043956,-0.740384615384617,-11.0260989010989,-16.8832417582418,-12.3118131868132,-12.8832417582418,-9.59752747252747,7.68818681318681,16.5453296703297,3.83104395604396,-2.74038461538462,15.2596153846154,23.9739010989011,3.11675824175824,-14.8832417582418,-2.31181318681319,8.83104395604396,4.11675824175824,11.831043956044,27.1167582417582,10.1167582417582,13.831043956044,13.831043956044
9.23763736263736,6.21382783882784,18.356684981685,26.9281135531135,-1.64331501831502,4.07097069597069,21.6423992673993,-5.21474358974359,11.356684981685,5.64239926739926,-13.0718864468864,-3.07188644688645,10.9281135531135,-3.07188644688645,-13.2147435897436,5.35668498168498,3.64239926739926,-12.643315018315,-10.0718864468864,-14.5004578754579,-7.07188644688645,-6.64331501831502,-12.0718864468864,-12.3576007326007,-9.92902930402931,-13.0718864468864,-12.9290293040293,-10.7861721611722,-11.9290293040293,-10.0718864468864,-2.78617216117216,-6.50045787545788,-16.5004578754579,-8.78617216117216,-13.643315018315,-8.92902930402931,3.78525641025641,14.2138278388278,0.356684981684978,0.213827838827839,16.9281135531135,27.7852564102564,1.21382783882784,-15.0718864468864,-3.64331501831502,5.07097069597069,-3.35760073260073,14.7852564102564,30.7852564102564,-0.786172161172161,6.21382783882784,18.6423992673993
13.2032967032967,6.2032967032967,14.489010989011,33.6318681318681,2.63186813186813,4.63186813186813,23.2032967032967,-0.510989010989011,22.3461538461539,12.3461538461539,-9.22527472527472,0.774725274725277,6.06043956043956,-4.36813186813187,-12.6538461538462,6.2032967032967,1.48901098901099,-12.9395604395604,-10.7967032967033,-11.510989010989,-9.36813186813187,-6.65384615384615,-9.65384615384615,-10.7967032967033,-11.9395604395604,-12.7967032967033,-8.93956043956044,-8.22527472527472,-13.0824175824176,-15.6538461538462,-10.6538461538462,-7.36813186813187,-16.0824175824176,-12.6538461538462,-10.2252747252747,-11.3681318681319,-3.65384615384615,4.48901098901099,-3.93956043956044,-4.22527472527472,12.489010989011,19.489010989011,1.48901098901099,-15.6538461538462,-1.93956043956044,4.48901098901099,-2.22527472527472,14.7747252747253,27.9175824175824,8.48901098901099,13.6318681318681,14.6318681318681
2.72252747252747,-0.658424908424909,17.198717948718,34.3415750915751,7.19871794871795,14.3415750915751,26.7701465201465,0.913003663003664,20.9130036630037,12.6272893772894,-3.37271062271062,-4.94413919413919,8.34157509157509,1.62728937728938,-11.5155677655678,0.198717948717949,5.05586080586081,-12.9441391941392,-16.2298534798535,-16.2298534798535,-11.5155677655678,-3.80128205128205,-9.65842490842491,-10.6584249084249,-10.6584249084249,-12.3727106227106,-13.8012820512821,-10.8012820512821,-14.3727106227106,-10.6584249084249,-3.51556776556777,-0.944139194139193,-11.2298534798535,-8.08699633699634,-15.0869963369963,-10.6584249084249,6.48443223443224,2.48443223443223,-6.80128205128205,-2.80128205128205,9.62728937728938,9.05586080586081,1.91300366300366,-14.8012820512821,-4.08699633699634,0.62728937728938,-3.22985347985348,16.4844322344322,25.9130036630037,1.05586080586081,19.6272893772894,9.91300366300366
17.0549450549451,3.91208791208791,12.9120879120879,35.7692307692308,0.197802197802204,7.05494505494506,27.0549450549451,-1.23076923076923,14.4835164835165,8.34065934065934,-7.65934065934066,-9.37362637362637,6.34065934065934,-7.65934065934066,-17.6593406593407,2.91208791208791,2.34065934065934,-21.3736263736264,-15.0879120879121,-18.2307692307692,-8.8021978021978,-11.6593406593407,-14.6593406593407,-15.0879120879121,-14.2307692307692,-12.3736263736264,-19.3736263736264,-15.0879120879121,-10.5164835164835,-10.9450549450549,5.05494505494506,0.626373626373628,-17.5164835164835,-16.3736263736264,-10.6593406593407,-6.65934065934066,13.9120879120879,5.48351648351649,0.626373626373628,-0.0879120879120876,6.91208791208791,21.4835164835165,-1.37362637362637,-22.2307692307692,-16.3736263736264,4.76923076923077,5.91208791208791,32.1978021978022,26.7692307692308,26.6263736263736,22.7692307692308,10.7692307692308
7.33928571428572,10.0773809523809,12.6488095238095,27.9345238095238,-1.92261904761905,13.7916666666667,4.79166666666666,6.07738095238095,16.7916666666667,7.22023809523809,-10.4940476190476,-0.922619047619047,1.22023809523809,-4.63690476190476,-9.92261904761905,-0.779761904761905,0.648809523809522,-9.20833333333334,-10.0654761904762,-15.2083333333333,-8.06547619047619,-5.49404761904762,-13.922619047619,-11.0654761904762,-11.2083333333333,-12.4940476190476,-11.7797619047619,-8.49404761904762,-9.49404761904762,-9.63690476190476,-6.06547619047619,-7.35119047619048,-14.4940476190476,-6.06547619047619,-10.3511904761905,-11.4940476190476,0.791666666666664,0.934523809523807,-0.922619047619047,-3.77976190476191,11.9345238095238,19.7916666666667,-0.636904761904763,-8.77976190476191,0.791666666666664,6.36309523809523,-1.92261904761905,18.2202380952381,27.0773809523809,13.2202380952381,14.5059523809524,14.5059523809524
8.4217032967033,0.064560439560438,8.63598901098901,29.635989010989,-1.22115384615385,4.20741758241758,26.3502747252747,-0.79258241758242,17.7788461538461,6.49313186813187,-10.364010989011,-0.649725274725277,2.9217032967033,-5.22115384615385,-13.5068681318681,1.06456043956044,0.493131868131869,-9.36401098901099,-8.79258241758242,-15.2211538461538,-9.64972527472528,-8.93543956043956,-14.2211538461538,-9.0782967032967,-10.7925824175824,-12.5068681318681,-7.36401098901099,-5.0782967032967,-6.22115384615385,-7.93543956043956,-0.649725274725277,-6.50686813186813,-12.2211538461538,-5.36401098901099,-5.64972527472528,-8.36401098901099,1.49313186813187,8.9217032967033,-4.0782967032967,-2.0782967032967,13.0645604395604,21.3502747252747,-0.0782967032967044,-14.0782967032967,-5.50686813186813,0.493131868131869,-3.50686813186813,13.3502747252747,23.0645604395604,8.9217032967033,14.4931318681319,13.7788461538461
16.6112637362637,3.39697802197802,15.1112637362637,24.2541208791209,15.396978021978,10.2541208791209,27.5398351648352,19.5398351648352,27.6826923076923,10.5398351648352,-4.03159340659341,5.11126373626374,9.25412087912088,2.96840659340659,-12.1744505494505,6.11126373626374,5.53983516483517,-8.31730769230769,-10.1744505494505,-10.8887362637363,-4.03159340659341,-4.74587912087912,-9.31730769230769,-11.3173076923077,-6.17445054945055,-11.1744505494505,-13.0315934065934,-11.3173076923077,-12.4601648351648,-11.4601648351648,-7.03159340659341,-8.17445054945055,-15.8887362637363,-13.1744505494505,-17.0315934065934,-13.0315934065934,-1.60302197802198,-3.46016483516484,-13.0315934065934,-10.7458791208791,-0.74587912087912,0.825549450549453,-5.88873626373626,-11.0315934065934,-7.60302197802198,2.39697802197802,-0.888736263736263,10.1112637362637,21.2541208791209,9.11126373626374,23.5398351648352,3.39697802197802
5.46153846153846,4.93772893772894,10.5091575091575,29.0805860805861,12.0805860805861,6.08058608058608,25.7948717948718,5.36630036630036,15.0805860805861,5.93772893772894,-9.77655677655678,-2.63369963369963,1.08058608058608,-0.062271062271062,-13.9194139194139,7.22344322344323,4.50915750915751,-12.7765567765568,-13.4908424908425,-16.3479853479853,-8.91941391941392,-8.63369963369963,-13.2051282051282,-9.63369963369963,-7.06227106227106,-9.2051282051282,-13.0622710622711,-7.34798534798535,-14.7765567765568,-11.7765567765568,-7.34798534798535,-10.9194139194139,-13.9194139194139,-13.2051282051282,-12.3479853479853,-11.0622710622711,0.794871794871796,0.794871794871796,-3.63369963369963,-2.06227106227106,6.08058608058608,17.2234432234432,1.08058608058608,-14.0622710622711,-8.2051282051282,1.7948717948718,3.50915750915751,19.9377289377289,23.5091575091575,11.9377289377289,29.9377289377289,19.6520146520146
17.9821428571429,5.95833333333334,9.38690476190476,29.3869047619048,0.958333333333332,4.67261904761904,6.81547619047619,-9.47023809523809,14.5297619047619,4.10119047619047,-6.04166666666667,-3.04166666666667,1.52976190476191,-4.47023809523809,-6.47023809523809,-1.61309523809524,-1.47023809523809,-9.04166666666667,-7.04166666666667,-14.1845238095238,-4.32738095238095,-0.755952380952383,-7.89880952380953,-11.6130952380952,-8.61309523809524,-12.6130952380952,-12.0416666666667,-9.89880952380953,-6.75595238095238,-5.18452380952381,-2.89880952380953,-4.89880952380953,-8.47023809523809,-6.47023809523809,-10.7559523809524,-12.6130952380952,11.2440476190476,-2.18452380952381,-3.04166666666667,-3.18452380952381,17.9583333333333,20.672619047619,3.81547619047619,-8.89880952380953,-0.18452380952381,2.24404761904762,0.244047619047617,7.10119047619047,17.672619047619,7.24404761904762,13.672619047619,8.95833333333334
11.9409340659341,15.5837912087912,9.86950549450549,23.8695054945055,7.86950549450549,10.2980769230769,14.0123626373626,15.2980769230769,13.0123626373626,10.1552197802198,-9.13049450549451,1.15521978021978,-1.98763736263736,-3.41620879120879,-9.84478021978022,-4.27335164835165,-0.27335164835165,-6.27335164835165,-9.27335164835165,-11.5590659340659,-6.55906593406593,-4.55906593406593,-8.55906593406593,-7.13049450549451,-5.70192307692308,-9.13049450549451,-9.13049450549451,-7.70192307692308,-10.8447802197802,-6.41620879120879,-6.27335164835165,-7.70192307692308,-11.4162087912088,-11.9876373626374,-10.7019230769231,-9.84478021978022,-3.98763736263736,-2.41620879120879,-6.98763736263736,-6.70192307692308,0.583791208791208,2.44093406593407,-1.55906593406593,-1.27335164835165,-1.84478021978022,4.01236263736264,1.15521978021978,14.4409340659341,9.58379120879121,12.1552197802198,19.2980769230769,17.7266483516484
13.9986263736264,10.7367216117216,9.16529304029304,20.4510073260073,9.73672161172161,8.73672161172161,14.3081501831502,17.7367216117216,15.3081501831502,10.3081501831502,-6.69184981684982,-1.69184981684982,-1.83470695970696,-5.26327838827839,-8.69184981684982,-4.12042124542124,1.59386446886447,-7.12042124542125,-9.54899267399267,-11.1204212454212,-7.83470695970696,-9.26327838827839,-8.26327838827839,-7.40613553113553,-5.9775641025641,-8.12042124542125,-8.26327838827839,-8.12042124542125,-10.4061355311355,-6.9775641025641,-7.26327838827839,-7.26327838827839,-11.2632783882784,-10.9775641025641,-10.834706959707,-9.83470695970696,-4.54899267399268,-2.9775641025641,-4.12042124542124,-5.9775641025641,0.16529304029304,2.59386446886447,0.16529304029304,-6.26327838827839,-2.26327838827839,3.30815018315018,0.879578754578755,14.165293040293,10.5938644688645,14.4510073260073,22.165293040293,19.7367216117216
6.34615384615385,3.25091575091575,13.1080586080586,31.1080586080586,-7.6062271062271,7.25091575091575,19.1080586080586,-1.32051282051282,6.96520146520147,11.3937728937729,-5.46336996336996,-3.89194139194139,7.3937728937729,2.82234432234433,-7.17765567765568,10.8223443223443,5.67948717948718,-11.6062271062271,-7.03479853479853,-14.3205128205128,-4.74908424908425,-3.74908424908425,-12.7490842490842,-7.32051282051282,-15.0347985347985,-15.8919413919414,-13.6062271062271,-7.89194139194139,-11.46336996337,-10.7490842490842,-8.6062271062271,-8.03479853479853,-10.3205128205128,-11.0347985347985,-4.46336996336996,-10.0347985347985,14.9652014652015,12.2509157509158,-1.89194139194139,0.108058608058613,15.2509157509158,23.1080586080586,0.250915750915752,-14.7490842490842,-2.89194139194139,0.108058608058613,-8.32051282051282,9.3937728937729,15.1080586080586,8.96520146520147,9.53663003663004,7.67948717948718
10.6195054945055,8.35760073260073,12.643315018315,28.9290293040293,-4.49954212454212,4.50045787545788,14.3576007326007,-1.78525641025641,16.3576007326007,9.21474358974359,-11.4995421245421,-4.78525641025641,2.64331501831501,-5.35668498168498,-10.7852564102564,1.21474358974359,4.07188644688645,-11.7852564102564,-10.9281135531136,-16.7852564102564,-5.92811355311355,-5.92811355311355,-13.6423992673993,-11.0709706959707,-12.2138278388278,-14.2138278388278,-12.356684981685,-5.49954212454212,-9.0709706959707,-8.64239926739927,-0.64239926739927,-4.21382783882784,-7.35668498168498,-15.4995421245421,-10.9281135531136,-7.0709706959707,16.2147435897436,12.5004578754579,-6.0709706959707,-4.78525641025641,12.2147435897436,23.643315018315,0.929029304029307,-11.6423992673993,0.929029304029307,2.07188644688645,-6.35668498168498,14.3576007326007,21.9290293040293,8.35760073260073,13.3576007326007,11.9290293040293
9.84065934065934,3.79304029304029,11.0787545787546,27.7930402930403,-1.06410256410256,2.50732600732601,20.7930402930403,-1.77838827838828,16.7930402930403,5.93589743589744,-12.2069597069597,-5.77838827838828,10.9358974358974,-0.349816849816847,-13.9212454212454,11.7930402930403,6.93589743589744,-11.492673992674,-10.9212454212454,-15.7783882783883,-6.20695970695971,-8.92124542124542,-15.0641025641026,-11.7783882783883,-9.49267399267399,-13.6355311355311,-13.9212454212454,-6.34981684981685,-13.2069597069597,-9.77838827838828,-5.06410256410257,-8.34981684981685,-13.9212454212454,-8.92124542124542,-12.7783882783883,-8.63553113553114,14.2216117216117,13.6501831501832,-2.20695970695971,0.650183150183153,18.9358974358974,26.2216117216117,-0.0641025641025621,-16.6355311355311,-7.20695970695971,-3.92124542124542,-10.9212454212454,10.2216117216117,27.6501831501832,17.3644688644689,12.9358974358974,10.2216117216117
7.16071428571428,5.23214285714285,15.6607142857143,33.8035714285714,-2.19642857142857,3.51785714285714,21.5178571428571,3.80357142857143,15.5178571428571,14.8035714285714,-5.91071428571429,-0.482142857142858,5.375,-1.48214285714286,-14.9107142857143,1.94642857142857,0.803571428571427,-12.3392857142857,-13.9107142857143,-18.4821428571429,-9.91071428571429,-6.91071428571429,-11.3392857142857,-8.625,-8.91071428571429,-11.4821428571429,-11.0535714285714,-13.7678571428571,-14.4821428571429,-15.3392857142857,-12.1964285714286,-6.19642857142857,-12.4821428571429,-10.3392857142857,-13.9107142857143,-10.9107142857143,4.94642857142857,2.51785714285714,-0.482142857142858,2.23214285714285,13.6607142857143,19.5178571428571,0.946428571428569,-12.1964285714286,-8.19642857142857,2.375,3.23214285714285,16.5178571428571,16.9464285714286,10.8035714285714,25.0892857142857,20.5178571428571
7.26923076923077,4.41208791208791,12.8406593406593,25.5549450549451,12.4120879120879,7.84065934065934,29.8406593406593,6.26923076923077,22.6978021978022,10.1263736263736,-9.01648351648351,0.412087912087912,0.983516483516485,-4.15934065934066,-14.8736263736264,5.55494505494505,4.12637362637363,-10.3021978021978,-15.0164835164835,-13.5879120879121,-9.87362637362637,-2.87362637362637,-5.01648351648351,-8.15934065934066,-7.3021978021978,-10.0164835164835,-8.87362637362637,-7.44505494505495,-12.1593406593407,-8.15934065934066,-6.44505494505495,-9.44505494505495,-11.7307692307692,-10.8736263736264,-12.7307692307692,-10.8736263736264,-1.15934065934066,-1.58791208791209,-4.15934065934066,-3.44505494505495,1.55494505494505,9.12637362637362,1.12637362637363,-13.8736263736264,-5.3021978021978,2.12637362637363,-0.73076923076923,10.8406593406593,17.6978021978022,11.9835164835165,20.1263736263736,14.2692307692308
1.64010989010989,4.68772893772894,1.68772893772894,25.8305860805861,15.6877289377289,8.11630036630037,27.8305860805861,16.8305860805861,22.9734432234432,11.5448717948718,-11.7408424908425,4.40201465201465,1.25915750915751,-3.74084249084249,-13.7408424908425,2.97344322344322,2.97344322344322,-8.02655677655678,-11.1694139194139,-13.4551282051282,-6.88369963369964,-6.31227106227106,-8.02655677655678,-8.31227106227106,-7.16941391941392,-9.59798534798535,-9.59798534798535,-7.74084249084249,-12.4551282051282,-7.59798534798535,-7.16941391941392,-7.74084249084249,-13.1694139194139,-12.1694139194139,-14.0265567765568,-12.0265567765568,-1.74084249084249,0.116300366300365,-8.16941391941392,-2.31227106227106,5.68772893772894,11.5448717948718,-3.74084249084249,-10.1694139194139,-8.31227106227106,0.973443223443223,0.83058608058608,16.8305860805861,15.8305860805861,4.97344322344322,27.1163003663004,13.9734432234432
1.68543956043956,1.09020146520147,4.66163003663004,18.3759157509157,12.3759157509157,7.37591575091575,23.66163003663,13.2330586080586,19.2330586080586,6.09020146520147,-5.33836996336996,6.51877289377289,2.51877289377289,-0.766941391941391,-11.4812271062271,5.23305860805861,5.09020146520147,-4.76694139194139,-9.33836996336996,-10.1955128205128,-6.19551282051282,-1.33836996336996,-8.62408424908425,-8.62408424908425,-7.90979853479853,-10.7669413919414,-11.6240842490842,-2.76694139194139,-12.9097985347985,-7.05265567765568,-6.05265567765568,-8.76694139194139,-12.1955128205128,-13.4812271062271,-10.6240842490842,-9.19551282051282,3.66163003663004,1.51877289377289,-4.90979853479853,-0.766941391941391,5.23305860805861,8.23305860805861,-0.766941391941391,-12.7669413919414,-5.48122710622711,0.375915750915752,-2.76694139194139,13.66163003663,10.0902014652015,9.09020146520146,18.9473443223443,9.51877289377289
11.8804945054945,4.76144688644689,11.6185897435897,31.4757326007326,0.0471611721611751,6.19001831501832,30.0471611721612,-2.66712454212454,16.0471611721612,4.76144688644689,-13.9528388278388,-1.52426739926739,3.76144688644689,-4.09569597069597,-17.9528388278388,2.90430402930403,0.475732600732606,-14.3814102564103,-13.5242673992674,-17.8099816849817,-6.66712454212454,-5.5242673992674,-11.8099816849817,-9.38141025641025,-8.5242673992674,-13.3814102564103,-13.2385531135531,-4.38141025641025,-10.6671245421245,-8.95283882783882,-3.5242673992674,-10.2385531135531,-14.5242673992674,-7.23855311355311,-14.8099816849817,-9.95283882783882,8.33287545787546,14.3328754578755,-3.5242673992674,-1.66712454212454,20.904304029304,36.4757326007326,7.76144688644689,-20.9528388278388,-8.38141025641025,6.90430402930403,-4.38141025641025,8.47573260073261,24.7614468864469,7.76144688644689,8.33287545787546,9.61858974358974
6.56456043956044,3.9217032967033,9.49313186813187,29.9217032967033,1.9217032967033,4.63598901098901,19.9217032967033,-4.0782967032967,12.9217032967033,4.9217032967033,-9.64972527472527,0.921703296703299,6.49313186813187,-1.93543956043956,-11.0782967032967,1.9217032967033,2.9217032967033,-7.79258241758242,-10.7925824175824,-16.7925824175824,-10.0782967032967,-6.0782967032967,-13.364010989011,-12.7925824175824,-10.5068681318681,-14.2211538461538,-9.0782967032967,-4.36401098901099,-12.5068681318681,-11.7925824175824,-0.221153846153843,-9.79258241758242,-12.6497252747253,-6.50686813186813,-7.36401098901099,-11.364010989011,-0.221153846153843,3.35027472527473,-5.50686813186813,-8.50686813186813,12.9217032967033,23.9217032967033,6.63598901098901,-10.5068681318681,9.77884615384616,13.7788461538462,-6.50686813186813,10.9217032967033,21.9217032967033,12.7788461538462,11.7788461538462,11.7788461538462
