40.2857142857143,37,39.7142857142857,63.8571428571429,27.8571428571429,35.7142857142857,42,21.7142857142857,41.8571428571429,36.4285714285714,22.2857142857143,25.4285714285714,31.4285714285714,29,24.1428571428571,32.2857142857143,34.2857142857143,23.7142857142857,21.5,13.8571428571429,23.5714285714286,23.2857142857143,16.8,19,20.4285714285714,15.2857142857143,20.2857142857143,21.4285714285714,19,22.2857142857143,32,24,17,23.2857142857143,19.1428571428571,20,34.1666666666667,32,31.4285714285714,25.8571428571429,51.1428571428571,54.1428571428571,37.5714285714286,24.2857142857143,37,38.2857142857143,27,46.8333333333333,55.2857142857143,31.7142857142857,42.5714285714286,36.1428571428571
43.4285714285714,43.5714285714286,44.2857142857143,71.2,26.1666666666667,40.4285714285714,50.1666666666667,24.8571428571429,43,39.2857142857143,25.2857142857143,26.8571428571429,36,30.7142857142857,26.4285714285714,34.5714285714286,32.5714285714286,27.8333333333333,24.5714285714286,16.2857142857143,22.8571428571429,24.7142857142857,17.4285714285714,20.1428571428571,21,15.2857142857143,21.7142857142857,23.8571428571429,21.1428571428571,19.8571428571429,29.1428571428571,24.5,17.8571428571429,22.5714285714286,18.4285714285714,19.8571428571429,29.4285714285714,29.6666666666667,27,28.7142857142857,51.7142857142857,52.8571428571429,36.8571428571429,25.5714285714286,38.7142857142857,41.2857142857143,28.2857142857143,46.1428571428571,50.5,36.2857142857143,42,37.1428571428571
30.4285714285714,24,30.4,45.5714285714286,16,26.6666666666667,45.2,12.7142857142857,34.8333333333333,21.8571428571429,12.4285714285714,20.4285714285714,18.7142857142857,20.1428571428571,14.4285714285714,23.7142857142857,23.2857142857143,16.5714285714286,14.2857142857143,8,15,16.2857142857143,11.7142857142857,13.7142857142857,14.2857142857143,9,15.8571428571429,17,13.5714285714286,13.7142857142857,21.1428571428571,15.5714285714286,11.2857142857143,16.4285714285714,10.2857142857143,12.8571428571429,21.8571428571429,18.1666666666667,16.5714285714286,14,32.8571428571429,33.8571428571429,20.4285714285714,14.5714285714286,22.1428571428571,24,14.7142857142857,31.8333333333333,31.2857142857143,19.5714285714286,23.4285714285714,16.1428571428571
39.4,32.5714285714286,40,53.7142857142857,25.7142857142857,36.1428571428571,38.5714285714286,22.1428571428571,41.1428571428571,34.5714285714286,21.7142857142857,24.3333333333333,30.5714285714286,24.1428571428571,20.4285714285714,25.7142857142857,27.5714285714286,21.5714285714286,21.2857142857143,13.1428571428571,20.4285714285714,25.5714285714286,15.4285714285714,16.8571428571429,17.6666666666667,15.2857142857143,16.5714285714286,20.8571428571429,17,19.1428571428571,26.2857142857143,23.1428571428571,17,23.2857142857143,17.7142857142857,18.2857142857143,29.5,29.7142857142857,22.5714285714286,22.7142857142857,39.4285714285714,43.7142857142857,29.4285714285714,21,31.4285714285714,32.5714285714286,24.8571428571429,42.7142857142857,51.8571428571429,31.8571428571429,38,36
36.2857142857143,32.1428571428571,38,54.2857142857143,24.2857142857143,33.4285714285714,37.7142857142857,20.5714285714286,39.5714285714286,33,20.5714285714286,22.5,29.7142857142857,24,21,27.8571428571429,30,22.8571428571429,26.2857142857143,16,25.5714285714286,29.8571428571429,17.2857142857143,20.2857142857143,20.1666666666667,18.7142857142857,20.5714285714286,25.7142857142857,20.4285714285714,21,32.5714285714286,25.4285714285714,19.2857142857143,24,21,21.5714285714286,34.7142857142857,32,24.5714285714286,24.1428571428571,45.2857142857143,48.2857142857143,32.5714285714286,21.7142857142857,32.4285714285714,32.4285714285714,24.7142857142857,40.5714285714286,49.7142857142857,31.7142857142857,36.2857142857143,33.5714285714286
36.5714285714286,32.7142857142857,38,54.8571428571429,25.5714285714286,34.1428571428571,39.4285714285714,21.4285714285714,44,33.5714285714286,19.8,22.7142857142857,28.7142857142857,24.5714285714286,20.7142857142857,26,30.7142857142857,19.5714285714286,21.5714285714286,13.7142857142857,20.4285714285714,23.1428571428571,14.5714285714286,16.8333333333333,17.7142857142857,14.7142857142857,18.8571428571429,22.4285714285714,18.7142857142857,18.2857142857143,25.7142857142857,21.8571428571429,18.4285714285714,21,18.7142857142857,19.2857142857143,30.6666666666667,26.7142857142857,21,22.8571428571429,41.5714285714286,47,33,20.1428571428571,31.2857142857143,33.5714285714286,24.4285714285714,40.8571428571429,49,32.8571428571429,35,32.5714285714286
36.5714285714286,33.1428571428571,39,56.7142857142857,24.4285714285714,34.2857142857143,41.8571428571429,22.4285714285714,39.5714285714286,33.1428571428571,22.1666666666667,23.2857142857143,28.2857142857143,24,21.2857142857143,26.8571428571429,29.7142857142857,21.7142857142857,23,15,26,25,15.7142857142857,19,18.8333333333333,17,19.5714285714286,21.5714285714286,18.4285714285714,18.5714285714286,26.7142857142857,21.5,16.4285714285714,25,19.8333333333333,18.5714285714286,29.4285714285714,27.3333333333333,24.4285714285714,26.4285714285714,44,42.6666666666667,30.2857142857143,20.2857142857143,31.5714285714286,34,24.4285714285714,41.2857142857143,50.2857142857143,33.2857142857143,35,30.8571428571429
39.2857142857143,35.8571428571429,39,60.4285714285714,37.8571428571429,36.5714285714286,40.1428571428571,22.3333333333333,39.4285714285714,30.8571428571429,21.5714285714286,24,23.1428571428571,24.5714285714286,20,26.8571428571429,26.8571428571429,19.5,18.5714285714286,12,15.5714285714286,20,13.5714285714286,16.2857142857143,15.5714285714286,11.2857142857143,16.1428571428571,18.8571428571429,17.2857142857143,16.8571428571429,22.8571428571429,18.4285714285714,12.7142857142857,18,12.4285714285714,15.3333333333333,23.4285714285714,21.75,20,18.1428571428571,39,43.8333333333333,24.5714285714286,23,32.1428571428571,36.4285714285714,23.3333333333333,41.8571428571429,43.5714285714286,29,39.2857142857143,25.2857142857143
40.7142857142857,36.4285714285714,38.7142857142857,60.2857142857143,29,33.7142857142857,41.3333333333333,19.8571428571429,41.7142857142857,31.7142857142857,21.7142857142857,23.7142857142857,30.7142857142857,26.2857142857143,21.7142857142857,30.7142857142857,31.2857142857143,22.5,21.5714285714286,12.7142857142857,20.5714285714286,25.5714285714286,16.5714285714286,19.4285714285714,18.5714285714286,14,20.2857142857143,23.2857142857143,20,18.8571428571429,24.5714285714286,21.8571428571429,15.1428571428571,21.2857142857143,16.8571428571429,18.7142857142857,31.8571428571429,29.8333333333333,27.8571428571429,22.5714285714286,46.4285714285714,49.6,33.5714285714286,19.2857142857143,31.7142857142857,34.1428571428571,23,41.2857142857143,47.8571428571429,31.5714285714286,35.7142857142857,31.4285714285714
5.28571428571429,10,4,9.57142857142857,3.42857142857143,11.1666666666667,9.14285714285714,5.28571428571429,11.2857142857143,6.71428571428571,2.42857142857143,12.4285714285714,9.42857142857143,11.2857142857143,10.8,23.1666666666667,20.4,13.1428571428571,11.8571428571429,7.57142857142857,13.1666666666667,13.6666666666667,14.6666666666667,13.8571428571429,12.6666666666667,8,14.8,12.8571428571429,13.7142857142857,13.4285714285714,19.2857142857143,15.7142857142857,14.6666666666667,8.28571428571429,12.3333333333333,16.7142857142857,15.4285714285714,9.28571428571429,10.1666666666667,15,18.4285714285714,9,12.5,8.14285714285714,12.5714285714286,6.85714285714286,10.5,5.28571428571429,7.42857142857143,6.85714285714286,6.71428571428571,8.28808324840449
37.7142857142857,32.5714285714286,40.5714285714286,59,24,34.8571428571429,40.8571428571429,20.1666666666667,42.8571428571429,34.8571428571429,18.7142857142857,25.1428571428571,31.8571428571429,24.4285714285714,19.5714285714286,32.3333333333333,32.2857142857143,22.2857142857143,23.1428571428571,15.8571428571429,24.5714285714286,28.7142857142857,18.2857142857143,22.5714285714286,21.5714285714286,17.5714285714286,20.7142857142857,21.5714285714286,19.4285714285714,21.7142857142857,31.7142857142857,26.7142857142857,19.7142857142857,25.1428571428571,21.5714285714286,20.5714285714286,37.3333333333333,33.7142857142857,29,23.7142857142857,44.5714285714286,46.4285714285714,28.1428571428571,19.5714285714286,29.1428571428571,32.7142857142857,25,44.4285714285714,49.1428571428571,37.7142857142857,40,36.7142857142857
48,42.1428571428571,47.5714285714286,68,31.8571428571429,43,50.7142857142857,26.1428571428571,48.1428571428571,41.1666666666667,31,33,39.2857142857143,33.8571428571429,29,37.1428571428571,36.4285714285714,27.8571428571429,23.7142857142857,15.1428571428571,23.6666666666667,26.2857142857143,19.4285714285714,19.4285714285714,22,19.4,24.5714285714286,27.5714285714286,23.2857142857143,24.7142857142857,32.4285714285714,29,18.5714285714286,25,21.1428571428571,23.7142857142857,39.6666666666667,35.5714285714286,35.4285714285714,28.4285714285714,52.8571428571429,56.4285714285714,39.4285714285714,27.8571428571429,38.8571428571429,43.2857142857143,27.4,50.8571428571429,55.4285714285714,42.1428571428571,40.5714285714286,39.1428571428571
39.1428571428571,34.2857142857143,41.8571428571429,59.1428571428571,22.2857142857143,35.5714285714286,42.2857142857143,20.8571428571429,42.8571428571429,31.7142857142857,19,25.2857142857143,26.1428571428571,22,18.8571428571429,26,26,21,21.1428571428571,13.4285714285714,19.5714285714286,25,15.2857142857143,17.4285714285714,17.5714285714286,11.2857142857143,18,19.2857142857143,18.4285714285714,18.7142857142857,25.1428571428571,21.3333333333333,16.1428571428571,19.8571428571429,16.2857142857143,17.5714285714286,28.4285714285714,29.1428571428571,27.7142857142857,19.8571428571429,42,48.1428571428571,26.1428571428571,20.2857142857143,29.8571428571429,35.8571428571429,23.5,47.1428571428571,53.7142857142857,49.2857142857143,39.7142857142857,38.7142857142857
40.8571428571429,41.2,47.2,62.8571428571429,35.8,38.2857142857143,39.5714285714286,20.1428571428571,38.7142857142857,33.1428571428571,20,22,26.5714285714286,23.8571428571429,22.1428571428571,28,28.5714285714286,20.5714285714286,21.8571428571429,12.7142857142857,20,25.7142857142857,16.2857142857143,18,16.7142857142857,13.5714285714286,18.8571428571429,20.5714285714286,19.2857142857143,19.8571428571429,24.3333333333333,20.2857142857143,14.2857142857143,19.7142857142857,15.2857142857143,18,26.8571428571429,27.5714285714286,23.8571428571429,21.6,51.75,50.6,29.6666666666667,24.25,32.7142857142857,38.8571428571429,23.7142857142857,49.6666666666667,58.5714285714286,38.1428571428571,43.1428571428571,34.8571428571429
52.5,45.2857142857143,44.2857142857143,61.1428571428571,40.2857142857143,41.7142857142857,46.7142857142857,22.8,42.6,37.8571428571429,28.2857142857143,34.2857142857143,28.1428571428571,27.4285714285714,26.4285714285714,31.7142857142857,31.2857142857143,23.1428571428571,22.1428571428571,16.3333333333333,23.8571428571429,27.7142857142857,19.8571428571429,22.2857142857143,20.5714285714286,18.1428571428571,22.1428571428571,25.4285714285714,22.5714285714286,22.4285714285714,28.7142857142857,21.2857142857143,14.6666666666667,19.1428571428571,18.4285714285714,19.4285714285714,32.2857142857143,27.5714285714286,28.1428571428571,22.8571428571429,42.8571428571429,48.5714285714286,28.2857142857143,25.8571428571429,40.1428571428571,43,28.2857142857143,56,52.5714285714286,37.2857142857143,45,32.8571428571429
39,27.1428571428571,34.1428571428571,54,23.4285714285714,28.4285714285714,37.2857142857143,16.4285714285714,43.1666666666667,31.4285714285714,16.8571428571429,20.1428571428571,22,18.5714285714286,18.4285714285714,24.8571428571429,23.4285714285714,18.8571428571429,19.2857142857143,12.1428571428571,21.1428571428571,23.8571428571429,16.5714285714286,18.7142857142857,19.5714285714286,14.7142857142857,18.1428571428571,18.1428571428571,18.2857142857143,18.7142857142857,26.7142857142857,22.1666666666667,16.7142857142857,22,17.1428571428571,17.1666666666667,27.8,23.4285714285714,22.1666666666667,17.2,37.5714285714286,41.2857142857143,25.2857142857143,17.5714285714286,22.2857142857143,26.8571428571429,22.4285714285714,37.2857142857143,38,36,46.5714285714286,36
41,34.8571428571429,39,59,38,34.8571428571429,39.8571428571429,20.8571428571429,39.1428571428571,32.1428571428571,22,24,24.7142857142857,24.8571428571429,20.4285714285714,26.2857142857143,25.2857142857143,18.2857142857143,18.1666666666667,11,16.1428571428571,19.4285714285714,14.5714285714286,16.1428571428571,14.7142857142857,11.2857142857143,16.5714285714286,17.7142857142857,16.4285714285714,15.8571428571429,20.7142857142857,17.8,12.8333333333333,16,11.8571428571429,14.7142857142857,22,21.3333333333333,18.6666666666667,20.1428571428571,39.5714285714286,42.8571428571429,26.7142857142857,23.6,34,39,21,43.7142857142857,47.4285714285714,30.5714285714286,43,28
29.8571428571429,25.5714285714286,32.5,50.4285714285714,23.5714285714286,30.5714285714286,36.3333333333333,22.7142857142857,36.4285714285714,25.8571428571429,15.4285714285714,26.1428571428571,22.2857142857143,19.2857142857143,15.8571428571429,26.5714285714286,27.1428571428571,18.5714285714286,16.1428571428571,12.2857142857143,18.1428571428571,19.2857142857143,12.8571428571429,14,16.2857142857143,14.6,16.7142857142857,22.5,15.3333333333333,13.7142857142857,22.4285714285714,18.7142857142857,11.4285714285714,18.2857142857143,12.1428571428571,12.7142857142857,22,23.2857142857143,19.8,17.1428571428571,40.4,38.4285714285714,19.6666666666667,16.5714285714286,24.7142857142857,28.2857142857143,17.4285714285714,34.5,35.6666666666667,26.2857142857143,31,24.8571428571429
35.4285714285714,36.8571428571429,43.1428571428571,54.8571428571429,26.8571428571429,34.4285714285714,43.8571428571429,24.8571428571429,45.8333333333333,36.1428571428571,23.4285714285714,27.7142857142857,32.7142857142857,25.1428571428571,20.6666666666667,31.5714285714286,32.2857142857143,19.1428571428571,19,14.4285714285714,21.8333333333333,23,15.5,16.5,20.2857142857143,18,19.4285714285714,21.5714285714286,17,18.8571428571429,26.4285714285714,21,16.6666666666667,23.1428571428571,18.1428571428571,18.4285714285714,29.2857142857143,29.5714285714286,25.7142857142857,26.1428571428571,39.5714285714286,47.4285714285714,29.2857142857143,17.7142857142857,27.5714285714286,32.4285714285714,24.5714285714286,42,54.4285714285714,38.4285714285714,39.5714285714286,38.1428571428571
40.2857142857143,39.7142857142857,47.2857142857143,59.7142857142857,28,38.5714285714286,48.1666666666667,29.5714285714286,49.7142857142857,41.2857142857143,26.5714285714286,33.8571428571429,54.25,32.6,22.5714285714286,35.2857142857143,39.1428571428571,22,23,17.7142857142857,27.2857142857143,30,19.1428571428571,23.5714285714286,24.2857142857143,24.5714285714286,21.7142857142857,26.2857142857143,20.7142857142857,23,28.1428571428571,25.4285714285714,21,30.5714285714286,22,22.7142857142857,38.1428571428571,38,31.7142857142857,28,46,59,37,19.4,30,35.1428571428571,26.5714285714286,42.8571428571429,56.1428571428571,40.8571428571429,40,39.4285714285714
37.1428571428571,39.4285714285714,43,58.8571428571429,30.1666666666667,34,44.2857142857143,24.8,45.4285714285714,37,20.2857142857143,31.7142857142857,32.5714285714286,25.5714285714286,20,32.2857142857143,35.5714285714286,20.8571428571429,21.8571428571429,16.2857142857143,24.7142857142857,25.7142857142857,18.1428571428571,17.4,21.2857142857143,17.4285714285714,18.7142857142857,22.7142857142857,16,18.2857142857143,22.5714285714286,21.4285714285714,15,21.1666666666667,17.5714285714286,18,32.1428571428571,29.7142857142857,30,25.5,43.7142857142857,50.7142857142857,32,20.7142857142857,30.7142857142857,34.7142857142857,24.7142857142857,49.5,55.5,39.8571428571429,43.1428571428571,42.5714285714286
8.85714285714286,10,6.42857142857143,18.7142857142857,3.85714285714286,9,11.7142857142857,6.57142857142857,12,4.33333333333333,3.85714285714286,13.5714285714286,9.28571428571429,9.85714285714286,7.57142857142857,17.2857142857143,18.4285714285714,12.2857142857143,10.4285714285714,6,11.5714285714286,12.4285714285714,9,11,7.83333333333333,12,13.4285714285714,9.4,12,17,12.1428571428571,8.57142857142857,14.1428571428571,7.57142857142857,7.57142857142857,13.5714285714286,17.4285714285714,15.1428571428571,11.5,24.8571428571429,31.4285714285714,6.85714285714286,7.14285714285714,7.14285714285714,12.7142857142857,5.5,15.5714285714286,10.6,11.2857142857143,2.71428571428571,5.71428571428571,11.0760971055097
47.1428571428571,31.7142857142857,36.5714285714286,52.8571428571429,15.8571428571429,25.8571428571429,35,16.1428571428571,37.8571428571429,24.4,14.5714285714286,23.4285714285714,17.2857142857143,18.2857142857143,20,29.7142857142857,25,20,18.8333333333333,9.85714285714286,15.7142857142857,18.1428571428571,13.7142857142857,12.2857142857143,13.1428571428571,9.28571428571429,15.2857142857143,15.5714285714286,14,15.1428571428571,16.4,18.8571428571429,13.1428571428571,17.1666666666667,13.4285714285714,13.7142857142857,19.4285714285714,19.1428571428571,18.7142857142857,14.1428571428571,36,38.3333333333333,17.1428571428571,20.7142857142857,18.5714285714286,29.8571428571429,20.1428571428571,32.7142857142857,48,27.8571428571429,45.1428571428571,32
48.8571428571429,34,35.2857142857143,51.6666666666667,17.8571428571429,29.2,36.5714285714286,17.8571428571429,38.1428571428571,23.8571428571429,18,22.8571428571429,23,19.5714285714286,22.1428571428571,29.8571428571429,28.7142857142857,21.8571428571429,22.5714285714286,11.4285714285714,19,28,15.5714285714286,16.1428571428571,15,12.2857142857143,17.5714285714286,19,15.8571428571429,18.2857142857143,21.8333333333333,22.2857142857143,15,21,13.8571428571429,14.2857142857143,22.4285714285714,22.1428571428571,18.8571428571429,18.2857142857143,40.8571428571429,45.7142857142857,21,23.8571428571429,21.8571428571429,33.4285714285714,27.6,40.2857142857143,55.1428571428571,26.7142857142857,49.2857142857143,36.4285714285714
45.7142857142857,32.5714285714286,34.7142857142857,49.1428571428571,17.1428571428571,23.2857142857143,29.7142857142857,17.4285714285714,33.5714285714286,22.5714285714286,17.1666666666667,22.8571428571429,23,19.1428571428571,21.4285714285714,29.2857142857143,26.5714285714286,20.1666666666667,19.8571428571429,11,18,21.7142857142857,16.4285714285714,13.8571428571429,14.7142857142857,11.7142857142857,17,17.5714285714286,16.4285714285714,16.8571428571429,20.8571428571429,20.4285714285714,14.1428571428571,19.4285714285714,13.5714285714286,14,21,21,16.8571428571429,20.2857142857143,40,43.4285714285714,21,22.8571428571429,19.7142857142857,30,23.5,31.8571428571429,65.3333333333333,25.7142857142857,44.1428571428571,31.2857142857143
46.2857142857143,36.1428571428571,36.2857142857143,55.8571428571429,17,29.1428571428571,37.8333333333333,16.2857142857143,34,23.2857142857143,19.1428571428571,28.4285714285714,19.2857142857143,20.1428571428571,21.1428571428571,29,29,18.8571428571429,22.5714285714286,10.5714285714286,17.8571428571429,21.2857142857143,13.5714285714286,12.8571428571429,13.5714285714286,10.8571428571429,17,15.7142857142857,15.1428571428571,16.1428571428571,20.5714285714286,20.2857142857143,14.1428571428571,18.8571428571429,13.4285714285714,14.2857142857143,22,20.8571428571429,19.8571428571429,21,43,44.4285714285714,19.4285714285714,21,21.8571428571429,30.4285714285714,20.8333333333333,36.2857142857143,54.8333333333333,27.1428571428571,41,36.2857142857143
6.57142857142857,12.1428571428571,8.28571428571429,15.8571428571429,4.14285714285714,9.57142857142857,10.7142857142857,3.57142857142857,11,5.42857142857143,2.42857142857143,20,11.7142857142857,9.85714285714286,11.5714285714286,21.1428571428571,16.8571428571429,11.4285714285714,17.2857142857143,9,13.4285714285714,17.5714285714286,10.5714285714286,11,7.33333333333333,7.42857142857143,12.1666666666667,12.7142857142857,9.28571428571429,12.4285714285714,15.7142857142857,13.4285714285714,10.1428571428571,14.8571428571429,8.85714285714286,9.8,14.8571428571429,15.1428571428571,12.8571428571429,10.1428571428571,28.8571428571429,29,11.2857142857143,10.7142857142857,8.14285714285714,15.1428571428571,11,14.1428571428571,16.4285714285714,7.5,7.85714285714286,8.14285714285714
41.4285714285714,28.5714285714286,33,55.4285714285714,19,25.8571428571429,33.4285714285714,14.4285714285714,33.8571428571429,21.8571428571429,14.7142857142857,22.5714285714286,17.8333333333333,19.5714285714286,18.7142857142857,26.4285714285714,23.7142857142857,17.1428571428571,16.7142857142857,9,13.7142857142857,17.5714285714286,11.1428571428571,11.2857142857143,11.4285714285714,7.2,15,14,13.8571428571429,16.8571428571429,21.7142857142857,19.7142857142857,14,19.8571428571429,13.2857142857143,14.2857142857143,21.8571428571429,22.1666666666667,21.5714285714286,15.2857142857143,35.8571428571429,41.2857142857143,21,20.2857142857143,23.4285714285714,37,24,39.5714285714286,43.5714285714286,26,40,24.2857142857143
37.1428571428571,29.8571428571429,33.7142857142857,51.5714285714286,18.2857142857143,17.3333333333333,33,15.8,33,20.7142857142857,12.7142857142857,23.2,16.3333333333333,19.7142857142857,16.2857142857143,24.7142857142857,22.2857142857143,18.1428571428571,21.1666666666667,12,15,18.2857142857143,12.8571428571429,12.4285714285714,13.4285714285714,9.57142857142857,17,16,13.7142857142857,16.8571428571429,20.5714285714286,18,13.7142857142857,18,12.5714285714286,13.5714285714286,19.7142857142857,20.7142857142857,20.3333333333333,16.7142857142857,38,42.5714285714286,17,20.2857142857143,24.5714285714286,35.4285714285714,22.5714285714286,34.8571428571429,16.6666666666667,22.2857142857143,33.2,18.3333333333333
44.7142857142857,37.2857142857143,39.2857142857143,56.7142857142857,22.5714285714286,31,38.5714285714286,18.4285714285714,39,27.1428571428571,20.3333333333333,25.1428571428571,21.7142857142857,25.1428571428571,21.5714285714286,28.8571428571429,26.5714285714286,22,21.8571428571429,12.4285714285714,22.2857142857143,24.1428571428571,17.4285714285714,16.5714285714286,16.1428571428571,12.2857142857143,19.7142857142857,18.8571428571429,18.1428571428571,20.1428571428571,25.1428571428571,20.7142857142857,14.7142857142857,19.7142857142857,15.1428571428571,15.8571428571429,22.1428571428571,22.8571428571429,21.8333333333333,20.4285714285714,39.4285714285714,45,23.7142857142857,22.8571428571429,28.5,35,21.7142857142857,37.2857142857143,42.1428571428571,26.4285714285714,37,33
36.1428571428571,30.4285714285714,34.8571428571429,52.7142857142857,18.2857142857143,25.8571428571429,32.7142857142857,15,33,20.7142857142857,16.8571428571429,22.8333333333333,16.7142857142857,19.5714285714286,16.8571428571429,28.2857142857143,26.7142857142857,18.4285714285714,21.1428571428571,11.4285714285714,18.1428571428571,20.8571428571429,13.7142857142857,14.8571428571429,14.5714285714286,10.2857142857143,19.4285714285714,17,17.2857142857143,17.5714285714286,23.4285714285714,19.5714285714286,15.5714285714286,21,13.7142857142857,15.7142857142857,23.8571428571429,24.2857142857143,23.3333333333333,20,39.5714285714286,44.7142857142857,21.8571428571429,20.5714285714286,25.7142857142857,38.4285714285714,21,35.4285714285714,39.5714285714286,28,35.2857142857143,28.2857142857143
36,26.7142857142857,33,48.5714285714286,15.8571428571429,21.5714285714286,31.5714285714286,13.8571428571429,37.5714285714286,24.8571428571429,10.1428571428571,18,19,15.4285714285714,17.4285714285714,24.5714285714286,24,17.1428571428571,21.4285714285714,10.8571428571429,21,22.5714285714286,15.5,14.5714285714286,17.4285714285714,10.8571428571429,16.2857142857143,15.2857142857143,15.2857142857143,17.4285714285714,24.2857142857143,20.2857142857143,15.1428571428571,20.2857142857143,13,15.4285714285714,26.2857142857143,26,23.5714285714286,18.8571428571429,38.7142857142857,43.5714285714286,19.5714285714286,16.7142857142857,21,25.5714285714286,18.4285714285714,33.4285714285714,43.5714285714286,25.8571428571429,40,29.2857142857143
40.2857142857143,31.4285714285714,35.7142857142857,55.2857142857143,19.8571428571429,27.2857142857143,33.7142857142857,17,34.2857142857143,23.8571428571429,13.7142857142857,20.1428571428571,15.8333333333333,21.1428571428571,18.8571428571429,28.7142857142857,25.7142857142857,20.4285714285714,22.1428571428571,11.2857142857143,20.8571428571429,24.8571428571429,16.7142857142857,15.1428571428571,15.7142857142857,10.5714285714286,21.4285714285714,18,18.5714285714286,17.1428571428571,24,20.4285714285714,15.7142857142857,20.7142857142857,13.2857142857143,15.8571428571429,23.8571428571429,26,20.3333333333333,17.2857142857143,38.2857142857143,46.1428571428571,20.1428571428571,21.4285714285714,25.5714285714286,34.8571428571429,19.5714285714286,33.8571428571429,37.3333333333333,31.1428571428571,36.5714285714286,27.1428571428571
46.2857142857143,32.2857142857143,45.2,60.2857142857143,24.8571428571429,30.8571428571429,40.1428571428571,19.1428571428571,47.2857142857143,33,20.1428571428571,23.2857142857143,25.8571428571429,23.5714285714286,25.4285714285714,27.8571428571429,27.4285714285714,22,22.7142857142857,15.4285714285714,21.8571428571429,23.7142857142857,20.5714285714286,18,17.7142857142857,12.4285714285714,15.7142857142857,16.7142857142857,17,17.7142857142857,23.2857142857143,21.8571428571429,16.5714285714286,21.1428571428571,15.2857142857143,17.5714285714286,29.1428571428571,26.1666666666667,24.2857142857143,24,48.1428571428571,48.8571428571429,23.4,26,32.5714285714286,36.7142857142857,30.4285714285714,48.7142857142857,61.8571428571429,38.5714285714286,55.7142857142857,44
41.8571428571429,21.7142857142857,34.4285714285714,49.8333333333333,19.8571428571429,21.4285714285714,33.4285714285714,15.5714285714286,40.8571428571429,26.5714285714286,14.5714285714286,16.2857142857143,24.2857142857143,16.2857142857143,19.8571428571429,24.7142857142857,28.1428571428571,20.8571428571429,24.2857142857143,16,25.5714285714286,28.2857142857143,21,18.4285714285714,22.6666666666667,16,19.7142857142857,18,21.5714285714286,22,27.2857142857143,25.4285714285714,18.1428571428571,25,16.3333333333333,16.8571428571429,30.8571428571429,26,29,22.6666666666667,41,38,25.7142857142857,16.4285714285714,20.7142857142857,28.8,22.4285714285714,33.8571428571429,44.1428571428571,25.1428571428571,41.2857142857143,27.3333333333333
43.7142857142857,35.4285714285714,42.5,60.1428571428571,20,31.5714285714286,39.7142857142857,18.2857142857143,42.5714285714286,29.8571428571429,17.5714285714286,22.7142857142857,28.5,20.7142857142857,20.5714285714286,29,27.4285714285714,20.8571428571429,20.4285714285714,11.8571428571429,20.4285714285714,24.8571428571429,17.6,17.6666666666667,15.5714285714286,11.7142857142857,16,15.4285714285714,16,18,23.4285714285714,21,15.2,22.5714285714286,13.8571428571429,17.2,23.8571428571429,24,24.2,19,38.8571428571429,43.8571428571429,22.7142857142857,18.8571428571429,23.2857142857143,33.5,23.2857142857143,43.5714285714286,50.7142857142857,37.4285714285714,43.7142857142857,34.7142857142857
46.2857142857143,29.2857142857143,40.8571428571429,60.4285714285714,20.8571428571429,27.5,38.4285714285714,15.5714285714286,44.4285714285714,31.2857142857143,14.4285714285714,21.8571428571429,23,19,21.7142857142857,27.8571428571429,26.5714285714286,20.8571428571429,20.7142857142857,13,22.7142857142857,25,19.1428571428571,17.2857142857143,16.4285714285714,11.8571428571429,17.7142857142857,16.1428571428571,19.2857142857143,19.1428571428571,26,22.8571428571429,16.7142857142857,22.2857142857143,15.2857142857143,18.1666666666667,33.3333333333333,26.5714285714286,24.5714285714286,19.8571428571429,40,46.1428571428571,23.8571428571429,21,24.5,31,23,39.8571428571429,47,30.2857142857143,46,35.8571428571429
47.2857142857143,33.4285714285714,38.2857142857143,53.4285714285714,23.3333333333333,28.4285714285714,37,18.5714285714286,36.8571428571429,28.1428571428571,16.5714285714286,23.4285714285714,20.8571428571429,21,24.4285714285714,30.8571428571429,25.7142857142857,22,21.2857142857143,10.3333333333333,19.1428571428571,21.2857142857143,14.8571428571429,13.5714285714286,15,12.4285714285714,16.5714285714286,15.3333333333333,16.1428571428571,16.5714285714286,22,21.1428571428571,15.4285714285714,20.8571428571429,14.4285714285714,16.5714285714286,24.2857142857143,26.8571428571429,20.8571428571429,24,44.4285714285714,46.7142857142857,22.7142857142857,21.4285714285714,27.5714285714286,29.8571428571429,25.8571428571429,36.1428571428571,52.4285714285714,27.6666666666667,50,35.7142857142857
47.7142857142857,32.2857142857143,37.7142857142857,50.7142857142857,21.7142857142857,26.3333333333333,33,17.1428571428571,35.8571428571429,28.2857142857143,16.8571428571429,19.7142857142857,21,21.1428571428571,24.2857142857143,31,28.5714285714286,21,21.6,12,21.8333333333333,30,16.8333333333333,15.1428571428571,15.1428571428571,13.8571428571429,17.5714285714286,16.6666666666667,18.4285714285714,20.5714285714286,26.1428571428571,23.8571428571429,17.7142857142857,24.8571428571429,14.2857142857143,17.2857142857143,26.7142857142857,27.6,20.1428571428571,24.4285714285714,45.3333333333333,49.8571428571429,24.4285714285714,21.5714285714286,26.1428571428571,29.8571428571429,26,35.2857142857143,56.1428571428571,24.1428571428571,43,33.7142857142857
44.2857142857143,29.7142857142857,35.4285714285714,48.6666666666667,15.8571428571429,21.4285714285714,30.4285714285714,18,35.2857142857143,26.2857142857143,15.7142857142857,18,20.7142857142857,15.2857142857143,24.8571428571429,27,26.8571428571429,19.3333333333333,24.6666666666667,11.1428571428571,23.4285714285714,27.4285714285714,20,16.4285714285714,15.8571428571429,18.2857142857143,19,17.3333333333333,24.5714285714286,24.5,25.1428571428571,26.5714285714286,18.2857142857143,24.2857142857143,16.8571428571429,17.7142857142857,25.8571428571429,29,21.1428571428571,22.8333333333333,35.8571428571429,41.2857142857143,24.8571428571429,20.2857142857143,20,23.1666666666667,25.5714285714286,32.1428571428571,52.4285714285714,19,45.7142857142857,30.4285714285714
58.6666666666667,48,41.5714285714286,62,18.8571428571429,37.8571428571429,46.1428571428571,23.6666666666667,40.7142857142857,37,32.2857142857143,33.8571428571429,29.5714285714286,26.3333333333333,28.1428571428571,34,29.7142857142857,23,23.1428571428571,13.7142857142857,21.1428571428571,25,18.5714285714286,16,17.5714285714286,14.7142857142857,20.1428571428571,19.8571428571429,19,22.6,27,29.5714285714286,19,24.5714285714286,20.1428571428571,18.8,27.6666666666667,25.2857142857143,28.7142857142857,27.5714285714286,48.2857142857143,52.5,24.1666666666667,25.7142857142857,28,37,28,42.1428571428571,58.5714285714286,29.2857142857143,46.25,40.5714285714286
46.6666666666667,35.5714285714286,30.8333333333333,50.7142857142857,12.4285714285714,26.7142857142857,30.4285714285714,15.3333333333333,30,25.4,15.8571428571429,27.4285714285714,19.1428571428571,19,20.4285714285714,26.1428571428571,25,19.7142857142857,20.4285714285714,11.3333333333333,16.8333333333333,16.6,13.2857142857143,13.8571428571429,14.5714285714286,13.5714285714286,17,15.2857142857143,15.4285714285714,19.5714285714286,22,21.4285714285714,16.4285714285714,19.4285714285714,15.4285714285714,13.2857142857143,19.3333333333333,19.7142857142857,23.5714285714286,19.7142857142857,39.7142857142857,39.4285714285714,17.8333333333333,21.2857142857143,22.1428571428571,28.2857142857143,17.5,33.5714285714286,45.1428571428571,23.7142857142857,38.8,34.6
32.1428571428571,26.7142857142857,26,38.8571428571429,11.7142857142857,19.4285714285714,26.2857142857143,13.6666666666667,27.2857142857143,11.7142857142857,10,20.8571428571429,14.5714285714286,14.5714285714286,17.2857142857143,26.8571428571429,23.8571428571429,20.1666666666667,19,10,15.7142857142857,19.7142857142857,13.2857142857143,12.5714285714286,12.2857142857143,11.5714285714286,16.5714285714286,14.8571428571429,13.5714285714286,14.8571428571429,18.4285714285714,17.8571428571429,12.5714285714286,17.4285714285714,11.5714285714286,12,18.6666666666667,17.1428571428571,15.4285714285714,14.8571428571429,30.7142857142857,34.1428571428571,14.8571428571429,19.4285714285714,13.4285714285714,22.8571428571429,17.4285714285714,26.4285714285714,37.8571428571429,18,29.1428571428571,22.5
10.2857142857143,18.2857142857143,13.7142857142857,25.2857142857143,7,12.7142857142857,19.8571428571429,11.7142857142857,15,8.83333333333333,4.42857142857143,15.4285714285714,10.1428571428571,14.6666666666667,16.2857142857143,27.8571428571429,18.6666666666667,36.25,18,7.83333333333333,18.8333333333333,20.2857142857143,13,12.1428571428571,13.5,11.8333333333333,19,17.1428571428571,13.7142857142857,15.2857142857143,18.5714285714286,18,13.4285714285714,19,9.85714285714286,13.1666666666667,19.2857142857143,17.2857142857143,15.7142857142857,12.8571428571429,33.1428571428571,33.7142857142857,13.1428571428571,13.4285714285714,12,18.5714285714286,12.1428571428571,19.4285714285714,26,9.71428571428571,14,12
48.7142857142857,45.8571428571429,49,68.8571428571429,37.7142857142857,44.8571428571429,48.2857142857143,26,44,37.1428571428571,25.4285714285714,29.8571428571429,30.4285714285714,28,26.8571428571429,33.4285714285714,30.8571428571429,21.7142857142857,23.7142857142857,13.8571428571429,20.1428571428571,30.5714285714286,18.5714285714286,20.7142857142857,18.7142857142857,15.2857142857143,20.6666666666667,23.1428571428571,25.5,20,24,22.2857142857143,15.5714285714286,19.3333333333333,17.7142857142857,19,29.7142857142857,29.8571428571429,27.4285714285714,25.7142857142857,47.5714285714286,51.5,32.5714285714286,23.4285714285714,36.5714285714286,45.1428571428571,27.5714285714286,53.3333333333333,65.8571428571429,42,47.2857142857143,40.4285714285714
34,33.7142857142857,38,51.7142857142857,26,30.8571428571429,37.7142857142857,21.8571428571429,34.8333333333333,30.7142857142857,18.8571428571429,25.1428571428571,29.7142857142857,21.2857142857143,16.8571428571429,26.4285714285714,29.1428571428571,17.7142857142857,19.1428571428571,13.1428571428571,20.7142857142857,24.1428571428571,17.5714285714286,19.2857142857143,20.5714285714286,17.7142857142857,19.8571428571429,23.7142857142857,16.7142857142857,19.2857142857143,25,21.8571428571429,16.8571428571429,22,13.8,18,27,28.7142857142857,27.4285714285714,21,36.5714285714286,46,27.7142857142857,16.5714285714286,27.2857142857143,29.5714285714286,23.1666666666667,38.2857142857143,50.7142857142857,41.4,36.5714285714286,35.1428571428571
3.71428571428571,9.57142857142857,3.14285714285714,9.42857142857143,2.85714285714286,8.57142857142857,9,2.75,2.66666666666667,10,8.28571428571429,9.71428571428571,9.71428571428571,18.8571428571429,18.5714285714286,10,13.8571428571429,5.71428571428571,12.4285714285714,15.4285714285714,11,11.5714285714286,9.42857142857143,6.57142857142857,11.8571428571429,10.5714285714286,9.71428571428571,11.5714285714286,17.5714285714286,13.1428571428571,9,13.5714285714286,7,9.42857142857143,14.2857142857143,16,9.71428571428571,7.28571428571429,23,21.5,7.28571428571429,15.3333333333333,7.85714285714286,13.2857142857143,4.14285714285714,10.8571428571429,4,6.28571428571429,3.5,6.71428571428571,9.23714755040558,9.86965439338227
41.5714285714286,29,32.2857142857143,53.2,18.2857142857143,22.8571428571429,30,16.8571428571429,31.1428571428571,20.1428571428571,15.1428571428571,17.1666666666667,16.3333333333333,17.4285714285714,17.4285714285714,24.7142857142857,23.7142857142857,19,18.4285714285714,8.57142857142857,17.8333333333333,20.1428571428571,15.2857142857143,13.2857142857143,14,11.2857142857143,17.8571428571429,17.5,16.1428571428571,16.25,20.8333333333333,19.4285714285714,15.2,19.7142857142857,12.7142857142857,14.2857142857143,20.8571428571429,21.5714285714286,16.8571428571429,17,34.7142857142857,40.2857142857143,19.5714285714286,20.7142857142857,19.5,32.8571428571429,22.5714285714286,31.4285714285714,42.1428571428571,21,41.4,29.5714285714286
33.7142857142857,31.4285714285714,43.8571428571429,61.1428571428571,39.7142857142857,35.8571428571429,57.2857142857143,41.2857142857143,52.1428571428571,38.7142857142857,21.8571428571429,32.8571428571429,34.7142857142857,30.8571428571429,16,36.4285714285714,34.8571428571429,20.4285714285714,15.7142857142857,15.1428571428571,24.1428571428571,25,21,20,21.5714285714286,18.7142857142857,19.5714285714286,21.2857142857143,20.8571428571429,20.5714285714286,21.4285714285714,21.1428571428571,14.7142857142857,16.8571428571429,16.1428571428571,17.8571428571429,29.7142857142857,29.5714285714286,23.8571428571429,33.2857142857143,42.2857142857143,49.1428571428571,27.5714285714286,16.2857142857143,22.7142857142857,30.4285714285714,31.7142857142857,43,53.2857142857143,31.4285714285714,51.1428571428571,44.4285714285714
33.8571428571429,30.7142857142857,42.7142857142857,55.4285714285714,37.7142857142857,37.8571428571429,56.7142857142857,38.4285714285714,51.5714285714286,38.8571428571429,22.4285714285714,32,32.7142857142857,35.2857142857143,15.7142857142857,38.8571428571429,36.7142857142857,19.2857142857143,16.7142857142857,15.7142857142857,20.2857142857143,22.1428571428571,16.5714285714286,17.7142857142857,18.2857142857143,14.2857142857143,16.1428571428571,18,12.8571428571429,16,15.1428571428571,14.4285714285714,8.85714285714286,11.4285714285714,11.4285714285714,14.1428571428571,28,26,23.5714285714286,32.5714285714286,39.2857142857143,45.4285714285714,21.5714285714286,12,15,28.7142857142857,30.8571428571429,43,48.4285714285714,36.2857142857143,51,43.5714285714286
39.5714285714286,35.2857142857143,38.4285714285714,57.4285714285714,24.1428571428571,32.5714285714286,50.8571428571429,26.7142857142857,45.2857142857143,36.8571428571429,18.5714285714286,24.7142857142857,33.5714285714286,28.2857142857143,16.7142857142857,37,34.1428571428571,19,19.2857142857143,16.7142857142857,25.1428571428571,25.1428571428571,16,21,20.5714285714286,16.8571428571429,18.2857142857143,27,17,20.7142857142857,25.5714285714286,22.1428571428571,19.1428571428571,22.8571428571429,20,23.8571428571429,43.8571428571429,42,31.1428571428571,33.7142857142857,47.7142857142857,56,30.4285714285714,16.1428571428571,27.8571428571429,30.2857142857143,27.8571428571429,39.7142857142857,54.5714285714286,40.2857142857143,42.8571428571429,44.4285714285714
45.5714285714286,32.2857142857143,41.1428571428571,57.1428571428571,33,35,40.5714285714286,19.2857142857143,48.7142857142857,41.2857142857143,27,23.1428571428571,32.8571428571429,24.2857142857143,27.4285714285714,29.2857142857143,36.4285714285714,29.4285714285714,30.2857142857143,16.8571428571429,30.8571428571429,39.8571428571429,41.2857142857143,30.5714285714286,25.2857142857143,24.5714285714286,34.2857142857143,27.7142857142857,29.8571428571429,25.7142857142857,26.7142857142857,31.2857142857143,30.7142857142857,23.2857142857143,16,24.7142857142857,41.8571428571429,40.1428571428571,27.2857142857143,25.2857142857143,43,48.4285714285714,29.5714285714286,24,30.1428571428571,26.8571428571429,29.7142857142857,39.1428571428571,45.2857142857143,33,51.7142857142857,41.2857142857143
33.4285714285714,24.5714285714286,14.2857142857143,23.8571428571429,15.1428571428571,21.2857142857143,22.5714285714286,23.2857142857143,26.4285714285714,21.2857142857143,14,15.1428571428571,13.1428571428571,13.2857142857143,9.28571428571429,12,14.1428571428571,11.4285714285714,6.57142857142857,5.28571428571429,8.42857142857143,10.8571428571429,8.57142857142857,9.14285714285714,7.28571428571429,5.28571428571429,14.5714285714286,8,5.85714285714286,8.42857142857143,9,12.4285714285714,5.42857142857143,5.42857142857143,5.71428571428571,5.85714285714286,8.57142857142857,10.7142857142857,8,8,11.5714285714286,13.4285714285714,7.85714285714286,14,11.4285714285714,15,16.1428571428571,18.4285714285714,17.4285714285714,16,23.2857142857143,11.1428571428571
39.8571428571429,28.2857142857143,45.2857142857143,60.1428571428571,41.1428571428571,37.1428571428571,53.5714285714286,38.5714285714286,54.1428571428571,46.7142857142857,31.1428571428571,28,41,31.7142857142857,20.1428571428571,37.8571428571429,39.8571428571429,22.8571428571429,19.2857142857143,17.4285714285714,25.4285714285714,30,24,21.1428571428571,22.2857142857143,19.7142857142857,19.2857142857143,21.4285714285714,19.7142857142857,21.2857142857143,26.1428571428571,25.5714285714286,17,19.7142857142857,16.8571428571429,16.7142857142857,34.5714285714286,34.5714285714286,22,27.8571428571429,36,37.7142857142857,34.4285714285714,16.8571428571429,24.2857142857143,31,33.5714285714286,41.1428571428571,54.4285714285714,31.7142857142857,57.7142857142857,46.4285714285714
48.4285714285714,38.7142857142857,47.4285714285714,60.5714285714286,38.4285714285714,42.2857142857143,52.2857142857143,34.8571428571429,47.7142857142857,45.5714285714286,31.1428571428571,30.7142857142857,36.8571428571429,26.2857142857143,22,31.7142857142857,37.1428571428571,21.5714285714286,28,23.8571428571429,27.2857142857143,31.4285714285714,22.2857142857143,23.7142857142857,17.8571428571429,18.1428571428571,18.5714285714286,21.5714285714286,17,19,19.5714285714286,22,13.8571428571429,23,17.1428571428571,18.5714285714286,36.2857142857143,32.4285714285714,26.2857142857143,34.1428571428571,38.4285714285714,46.2857142857143,33.4285714285714,19.4285714285714,25.2857142857143,43.2857142857143,36,41,61.4285714285714,40.2857142857143,64.5714285714286,50.8571428571429
28.1428571428571,29.1428571428571,34.2857142857143,48.1428571428571,35.7142857142857,29.8571428571429,49.2857142857143,28.2857142857143,37.5714285714286,29.7142857142857,16.1428571428571,26,25,19,9.57142857142857,35.5714285714286,29,14.5714285714286,11.8571428571429,9.71428571428571,16.1428571428571,15.1428571428571,13.7142857142857,16.1428571428571,17.5714285714286,16,14.1428571428571,17.7142857142857,13,17.7142857142857,20.5714285714286,14.4285714285714,11.7142857142857,16.4285714285714,12,14.4285714285714,27.5714285714286,25.7142857142857,22.1428571428571,18.4285714285714,22.8571428571429,29.4285714285714,22.8571428571429,14.5714285714286,19.2857142857143,24.4285714285714,30.2857142857143,41.1428571428571,40.5714285714286,35.2857142857143,41.8571428571429,42.4285714285714
26,27.5714285714286,35.5714285714286,54.4285714285714,31.1428571428571,34,31,30.8571428571429,42.5714285714286,34.1428571428571,17.8571428571429,27.8571428571429,28.8571428571429,25.7142857142857,11.2857142857143,31.8571428571429,29.7142857142857,18.5714285714286,15.7142857142857,11.7142857142857,18.5714285714286,20.5714285714286,17,18,19.4285714285714,15.7142857142857,15.4285714285714,17.8571428571429,14.5714285714286,16.2857142857143,19.5714285714286,17.5714285714286,11.8571428571429,15.4285714285714,13.4285714285714,15.4285714285714,25.8571428571429,25.7142857142857,22.1428571428571,28.4285714285714,36.4285714285714,48.2857142857143,25.8571428571429,20.1428571428571,18.1428571428571,27.4285714285714,26.8571428571429,42.2857142857143,43.8571428571429,33.4285714285714,55.1428571428571,44.1428571428571
26.1428571428571,29.8571428571429,35.2857142857143,52.8571428571429,33.2857142857143,33.8571428571429,47.8571428571429,34.1428571428571,42.2857142857143,25.8571428571429,14.5714285714286,29.8571428571429,24.2857142857143,21.8571428571429,13.7142857142857,28.4285714285714,28.4285714285714,15.2857142857143,14.2857142857143,11.8571428571429,17.1428571428571,17.5714285714286,14.4285714285714,17,17.4285714285714,14.8571428571429,17.1428571428571,19.2857142857143,13,16.5714285714286,19.5714285714286,16.1428571428571,11.8571428571429,13.8571428571429,13.5714285714286,14.7142857142857,27.7142857142857,28.4285714285714,21.2857142857143,25.8571428571429,36.5714285714286,43.7142857142857,22.2857142857143,15,18.4285714285714,31.4285714285714,26.1428571428571,44.7142857142857,40.8571428571429,34.5714285714286,51.5714285714286,41.2857142857143
42,35.4285714285714,45.7142857142857,63,29.2857142857143,35,53.4285714285714,33.1428571428571,46.4285714285714,39.1428571428571,28.7142857142857,26.5714285714286,42,29.7142857142857,16.8571428571429,37.7142857142857,35.8571428571429,21.1428571428571,19.7142857142857,14.1428571428571,26.4285714285714,22.5714285714286,19.2857142857143,19.7142857142857,19.5714285714286,18.4285714285714,18.4285714285714,23,19,19.7142857142857,22.8571428571429,23.2857142857143,18.5714285714286,22.8571428571429,17.1428571428571,20.8571428571429,36.4285714285714,36,28.2857142857143,33.4285714285714,47,53.1428571428571,30.5714285714286,17,24,29.7142857142857,30.4285714285714,48.4285714285714,51.5714285714286,40.1428571428571,49.8571428571429,49.2857142857143
38.8571428571429,27.2857142857143,38.7142857142857,56.1428571428571,25.5714285714286,28.8571428571429,48.4285714285714,24.8571428571429,43.8571428571429,31.5714285714286,13.4285714285714,23.4285714285714,26.4285714285714,22.8571428571429,13.7142857142857,26.8571428571429,25.7142857142857,14,15.5714285714286,9.42857142857143,17,16.2857142857143,18.8571428571429,16.1428571428571,21.7142857142857,16.1428571428571,15.5714285714286,24.4285714285714,19.5714285714286,17.5714285714286,25.2857142857143,18.7142857142857,12.8571428571429,17,16.4285714285714,13.2857142857143,22,30.5714285714286,33.7142857142857,26.8571428571429,41.5714285714286,48,26.7142857142857,16.1428571428571,26.8571428571429,26.2857142857143,23,44.2857142857143,49.4285714285714,39.2857142857143,42,37.7142857142857
35,30,40.2857142857143,54.7142857142857,28.8571428571429,30.5714285714286,44.7142857142857,30.4285714285714,38.4285714285714,34.1428571428571,19.4285714285714,25.1428571428571,33.1428571428571,26,15.7142857142857,27.5714285714286,26.4285714285714,16.5714285714286,23.5714285714286,19.7142857142857,29,19.4285714285714,15.8571428571429,22,24.5714285714286,17.5714285714286,19.5714285714286,26,23,22.7142857142857,24.8571428571429,22.5714285714286,16.2857142857143,26.1428571428571,23.2857142857143,21.5714285714286,37.8571428571429,23.1428571428571,24.1428571428571,23.4285714285714,32.1428571428571,54.4285714285714,27.7142857142857,18,25.7142857142857,35.1428571428571,39,56.7142857142857,65.2857142857143,43.5714285714286,61.7142857142857,59.1428571428571
38.2857142857143,39.5714285714286,49.8571428571429,66.8571428571429,31.8571428571429,38,49.2857142857143,29.4285714285714,50,43.8571428571429,25.5714285714286,29.5714285714286,40.5714285714286,28.7142857142857,24.2857142857143,40.7142857142857,40.1428571428571,24.4285714285714,26,18.1428571428571,28.7142857142857,28.5714285714286,18.5714285714286,20.7142857142857,24.4285714285714,21.8571428571429,21.7142857142857,28.8571428571429,21.7142857142857,22.8571428571429,29.7142857142857,26.2857142857143,20.8571428571429,27.4285714285714,22,25,42.8571428571429,44.5714285714286,33.1428571428571,34.7142857142857,52.7142857142857,60.7142857142857,33.1428571428571,18.8571428571429,32,38.8571428571429,30.2857142857143,53.1428571428571,68.2857142857143,49.4285714285714,49.4285714285714,48.8571428571429
36.4285714285714,31.8571428571429,36.8571428571429,56.1428571428571,44,41.7142857142857,58.2857142857143,44,53.1428571428571,39.2857142857143,20,33.7142857142857,28.2857142857143,26.1428571428571,11.4285714285714,32.8571428571429,30.5714285714286,18.2857142857143,15.5714285714286,12.2857142857143,17.8571428571429,19.1428571428571,15.5714285714286,16.4285714285714,19.4285714285714,17.4285714285714,16.5714285714286,21.8571428571429,16.2857142857143,18.7142857142857,20.2857142857143,15.8571428571429,14.7142857142857,14.8571428571429,15.7142857142857,16.4285714285714,27.5714285714286,28.7142857142857,21,32.7142857142857,36.8571428571429,44.2857142857143,24.8571428571429,17,18.7142857142857,32,28.7142857142857,49.4285714285714,47.1428571428571,39.2857142857143,56.1428571428571,47.5714285714286
44.7142857142857,38.7142857142857,46.1428571428571,68.4285714285714,24.1428571428571,37.5714285714286,55.4285714285714,29.8571428571429,46.1428571428571,40.7142857142857,22.1428571428571,27.5714285714286,38.4285714285714,31.4285714285714,18.7142857142857,41.7142857142857,35.4285714285714,21.4285714285714,22.4285714285714,18.5714285714286,28.8571428571429,26.7142857142857,19.2857142857143,24.4285714285714,20.8571428571429,17.7142857142857,20.2857142857143,27.1428571428571,21.2857142857143,20.4285714285714,24,24,22.4285714285714,21.2857142857143,20.7142857142857,23.8571428571429,45.8571428571429,42.7142857142857,33.1428571428571,35.5714285714286,51,55.2857142857143,31.2857142857143,19.4285714285714,28.5714285714286,33.7142857142857,31,52,57.5714285714286,48,48.8571428571429,49.2857142857143
42.1428571428571,38.1428571428571,50.2857142857143,68.2857142857143,31,39.7142857142857,49.7142857142857,25.8571428571429,50.8571428571429,46.4285714285714,22.7142857142857,23.2857142857143,34.7142857142857,25,20.7142857142857,31.2857142857143,33.2857142857143,19.7142857142857,22,14.5714285714286,26.5714285714286,26.1428571428571,17.4285714285714,20.2857142857143,19.5714285714286,17.8571428571429,19,22.7142857142857,22.5714285714286,26.4285714285714,27.2857142857143,24.8571428571429,19,24.7142857142857,19,23.5714285714286,42.7142857142857,36.8571428571429,29.2857142857143,27.5714285714286,49,56.1428571428571,34.1428571428571,19.5714285714286,32.7142857142857,34.7142857142857,30.2857142857143,54.7142857142857,59.1428571428571,45.1428571428571,53.4285714285714,50.7142857142857
38.2857142857143,40.7142857142857,51.1428571428571,64.1428571428571,32.5714285714286,40.1428571428571,50.7142857142857,30,50.4285714285714,39.4285714285714,27.1428571428571,28,39.5714285714286,31.8571428571429,24.8571428571429,35,34.5714285714286,21.8571428571429,24.7142857142857,18,29.5714285714286,33,19,24.1428571428571,18.1428571428571,16.5714285714286,19.8571428571429,24,22.1428571428571,21.2857142857143,28.5714285714286,26,21.8571428571429,25,20.1428571428571,24.1428571428571,45,41.4285714285714,31.2857142857143,31,46.4285714285714,53.2857142857143,30.4285714285714,18.2857142857143,30.1428571428571,33,32.4285714285714,53.1428571428571,61.5714285714286,46.7142857142857,51.7142857142857,51.2857142857143
36.4285714285714,34.7142857142857,43,57.7142857142857,37.8571428571429,37.4285714285714,44.5714285714286,39.8571428571429,50.5714285714286,40.2857142857143,23.8571428571429,33.4285714285714,33.1428571428571,30.2857142857143,17.8571428571429,37.2857142857143,36.8571428571429,20.2857142857143,17.4285714285714,28.1428571428571,21.8571428571429,22.8571428571429,21.4285714285714,18.8571428571429,19.5714285714286,17,21,24.4285714285714,15.5714285714286,15.7142857142857,18.1428571428571,19,11.4285714285714,14.2857142857143,21.5714285714286,19.5714285714286,28.7142857142857,26.2857142857143,24.7142857142857,30.5714285714286,37.7142857142857,46.2857142857143,27.5714285714286,15.1428571428571,20,32.7142857142857,31.8571428571429,44.1428571428571,55.1428571428571,35.7142857142857,56.7142857142857,47.7142857142857
49.8571428571429,40,41.8571428571429,65.1428571428571,44.2857142857143,42.1428571428571,58.5714285714286,48,52.1428571428571,40.7142857142857,27.1428571428571,38.5714285714286,34.7142857142857,28.5714285714286,20.7142857142857,27.1428571428571,32.7142857142857,17.7142857142857,20.4285714285714,14.2857142857143,17.2857142857143,21.5714285714286,18.1428571428571,15.8571428571429,17.5714285714286,15,18.7142857142857,16.7142857142857,14.4285714285714,16.4285714285714,20.5714285714286,16,10.1428571428571,11,10.2857142857143,14,25.4285714285714,25.8571428571429,16.5714285714286,27.4285714285714,31.7142857142857,33.5714285714286,26.7142857142857,25.7142857142857,24.2857142857143,34.4285714285714,36.2857142857143,48.2857142857143,52.5714285714286,36.2857142857143,52,43.2857142857143
25.4285714285714,24.1428571428571,30.7142857142857,48.1428571428571,32,27.7142857142857,43.2857142857143,35.4285714285714,41.7142857142857,28.1428571428571,15.5714285714286,27.2857142857143,24.7142857142857,17.8571428571429,9.14285714285714,26.1428571428571,26.8571428571429,14.8571428571429,12.2857142857143,8.71428571428571,14.7142857142857,16.4285714285714,13.7142857142857,13.2857142857143,15.1428571428571,13.2857142857143,12.7142857142857,15.8571428571429,12,15.7142857142857,17,15.8571428571429,12.2857142857143,12.7142857142857,10.5714285714286,11.8571428571429,22.5714285714286,25.7142857142857,17.4285714285714,23,30.8571428571429,38.5714285714286,24.7142857142857,12.7142857142857,18.2857142857143,29.4285714285714,26.4285714285714,39.2857142857143,45.7142857142857,26.8571428571429,54,38.1428571428571
33.7142857142857,31.2857142857143,36.5714285714286,53,34.1428571428571,35.7142857142857,52.1428571428571,28.8571428571429,40,30.2857142857143,14.7142857142857,32.8571428571429,25.8571428571429,24.2857142857143,11.2857142857143,32.1428571428571,25.8571428571429,15.1428571428571,18.1428571428571,12.1428571428571,22,17.8571428571429,14.7142857142857,16.4285714285714,17.4285714285714,14.7142857142857,15.1428571428571,20.1428571428571,12.5714285714286,18.8571428571429,19.8571428571429,16.7142857142857,18.5714285714286,12.7142857142857,14.8571428571429,16.8571428571429,29,26.7142857142857,20.1428571428571,22,24,31,25.1428571428571,15.5714285714286,22.4285714285714,31.4285714285714,26.5714285714286,42.8571428571429,45.4285714285714,38.1428571428571,50.8571428571429,40.2857142857143
55.2857142857143,33.5714285714286,42.2857142857143,61.4285714285714,39.8571428571429,38,54.4285714285714,37.1428571428571,47.4285714285714,40.7142857142857,20.5714285714286,29,33.5714285714286,27.5714285714286,14.1428571428571,31,30.5714285714286,17.8571428571429,14.8571428571429,17.8571428571429,19.2857142857143,20.4285714285714,20,19,21,15.8571428571429,17.4285714285714,19.4285714285714,14.8571428571429,17,24.4285714285714,19.2857142857143,13.1428571428571,16.8571428571429,14.1428571428571,15.8571428571429,25.8571428571429,27.1428571428571,24.4285714285714,29.2857142857143,39.2857142857143,44.5714285714286,29.7142857142857,16.8571428571429,23.2857142857143,34.8571428571429,36.4285714285714,48.1428571428571,58.7142857142857,38.5714285714286,62.1428571428571,55.1428571428571
22.8571428571429,23.2857142857143,26.5714285714286,47.8571428571429,32.7142857142857,32.2857142857143,46.2857142857143,36.5714285714286,45.2857142857143,35.4285714285714,13.1428571428571,28.4285714285714,24.2857142857143,22.1428571428571,11.4285714285714,27.5714285714286,24.1428571428571,15.1428571428571,12.5714285714286,12.8571428571429,16.2857142857143,15.7142857142857,13.2857142857143,15,17.7142857142857,12.4285714285714,14.8571428571429,14.7142857142857,10.2857142857143,13.8571428571429,15.1428571428571,13.4285714285714,9,10.4285714285714,10.2857142857143,12.1428571428571,20.5714285714286,20.2857142857143,15.5714285714286,25.5714285714286,33,37,28.2857142857143,12.2857142857143,17.7142857142857,26.5714285714286,35.1428571428571,46.7142857142857,39.2857142857143,29.8571428571429,44.1428571428571,30.7142857142857
23.8571428571429,24.5714285714286,27.7142857142857,44.5714285714286,32.7142857142857,30.7142857142857,50.2857142857143,39.7142857142857,45.1428571428571,35.1428571428571,18.7142857142857,32.4285714285714,26.7142857142857,23.2857142857143,10.8571428571429,30.7142857142857,27.4285714285714,15.5714285714286,12.7142857142857,10.2857142857143,17,17.8571428571429,13.2857142857143,15.7142857142857,17,14.8571428571429,13.1428571428571,17.4285714285714,11.8571428571429,16,18.4285714285714,18.2857142857143,10.4285714285714,11,9.28571428571429,12.7142857142857,20.4285714285714,20,15.8571428571429,18.1428571428571,30.2857142857143,33.1428571428571,20.4285714285714,11.4285714285714,13.4285714285714,21.7142857142857,17.2857142857143,33.1428571428571,28.8571428571429,24.8571428571429,36.2857142857143,25.7142857142857
50.7142857142857,39.8571428571429,47.7142857142857,65.8571428571429,32.5714285714286,34,57.5714285714286,35.8571428571429,45.2857142857143,38.5714285714286,19.1428571428571,30.2857142857143,35.5714285714286,30.4285714285714,18,40.7142857142857,31.7142857142857,20.7142857142857,19.5714285714286,12.7142857142857,24,21.7142857142857,17,20.5714285714286,20.4285714285714,17.8571428571429,18.8571428571429,22.4285714285714,18.2857142857143,18.7142857142857,22.5714285714286,21.1428571428571,16.8571428571429,20.4285714285714,18.2857142857143,21.1428571428571,37.1428571428571,35.1428571428571,28,35.2857142857143,43,59.1428571428571,29.8571428571429,21.2857142857143,26.4285714285714,36.5714285714286,31,51.8571428571429,57.7142857142857,42.8571428571429,54.8571428571429,55.4285714285714
40.5714285714286,36.1428571428571,43.7142857142857,56.5714285714286,28.4285714285714,35.1428571428571,47.7142857142857,29.2857142857143,46.1428571428571,37.8571428571429,20.7142857142857,25,37.4285714285714,28.4285714285714,18.1428571428571,37.4285714285714,33.7142857142857,20.4285714285714,21.8571428571429,15.8571428571429,25.2857142857143,24,17.7142857142857,21.1428571428571,19.7142857142857,17.8571428571429,17.1428571428571,23.5714285714286,17.8571428571429,19.8571428571429,23.5714285714286,22.1428571428571,19.4285714285714,23,19,22,38.5714285714286,37,27.2857142857143,31.8571428571429,48.2857142857143,55,34.2857142857143,16.8571428571429,26.4285714285714,33,28,45.7142857142857,58.2857142857143,42.1428571428571,45,46.5714285714286
42.7142857142857,40,46.5714285714286,62.8571428571429,31.2857142857143,37.2857142857143,54.2857142857143,32.5714285714286,50.5714285714286,44,22.8571428571429,29.1428571428571,45.4285714285714,34.5714285714286,20,46.5714285714286,44.5714285714286,21.8571428571429,20.4285714285714,18.2857142857143,33.8571428571429,31,22.5714285714286,28.2857142857143,29.5714285714286,23.8571428571429,24.5714285714286,31,24,20.1428571428571,27.1428571428571,29,24,27.2857142857143,23.2857142857143,29.5714285714286,55.4285714285714,51.1428571428571,38.8571428571429,41.4285714285714,63.1428571428571,72.4285714285714,40.1428571428571,20.8571428571429,33,41.4285714285714,34,61.5714285714286,79.8571428571429,53.4285714285714,46.7142857142857,46.8571428571429
40.8571428571429,39.1428571428571,45,57.5714285714286,35.7142857142857,37,60.4285714285714,33.1428571428571,46.2857142857143,36.2857142857143,19.8571428571429,30.8571428571429,35.1428571428571,31.4285714285714,15.4285714285714,37.2857142857143,33.1428571428571,20.5714285714286,19.7142857142857,16,24.8571428571429,21.2857142857143,22.4285714285714,20.1428571428571,21.1428571428571,18.5714285714286,16.7142857142857,20.8571428571429,15.5714285714286,18.1428571428571,21.7142857142857,16.1428571428571,18.7142857142857,16.2857142857143,15.8571428571429,18,30.1428571428571,28.2857142857143,24.5714285714286,29.7142857142857,41.1428571428571,52.1428571428571,30.1428571428571,17.1428571428571,27,34.5714285714286,29.5714285714286,47.4285714285714,58.8571428571429,44,41.4285714285714,46
48.2857142857143,36.8571428571429,47.2857142857143,66.1428571428571,30.1428571428571,38.4285714285714,47.4285714285714,24.7142857142857,50,42.7142857142857,25,23.7142857142857,35.2857142857143,25.1428571428571,22,27.1428571428571,29.7142857142857,18.7142857142857,19.8571428571429,14.7142857142857,21.5714285714286,28,22.2857142857143,20.7142857142857,18.1428571428571,13.1428571428571,11.4285714285714,18,19.1428571428571,20.2857142857143,24.4285714285714,24.4285714285714,17.4285714285714,23.2857142857143,15.1428571428571,20.7142857142857,39.1428571428571,32.1428571428571,28.5714285714286,24,42.5714285714286,46.5714285714286,28.5714285714286,19.7142857142857,24.5714285714286,29,34,47.1428571428571,53.5714285714286,46.4285714285714,43.4285714285714,43
41.2857142857143,30.4285714285714,40.7142857142857,59.7142857142857,27.1428571428571,34.2857142857143,42.1428571428571,21.4285714285714,45.4285714285714,38.5714285714286,22.4285714285714,21.2857142857143,31.8571428571429,21.8571428571429,18,27.5714285714286,29.7142857142857,16.5714285714286,18.4285714285714,11.2857142857143,18.5714285714286,21.1428571428571,17.7142857142857,16.2857142857143,15.2857142857143,13.5714285714286,13.8571428571429,15,16,17.5714285714286,23.2857142857143,20.8571428571429,15.2857142857143,20.4285714285714,13.2857142857143,17.1428571428571,33.8571428571429,28.5714285714286,26.5714285714286,25,38.7142857142857,43.5714285714286,28.5714285714286,15,23,23.5714285714286,25.4285714285714,44,48.7142857142857,33,44.2857142857143,39.7142857142857
34.8571428571429,32.2857142857143,41.5714285714286,62.8571428571429,25.5714285714286,37.4285714285714,47.7142857142857,22.4285714285714,44.5714285714286,37.7142857142857,21.7142857142857,24.4285714285714,33,24.8571428571429,20,30.7142857142857,32.1428571428571,19.5714285714286,22,16.5714285714286,21.7142857142857,24.4285714285714,16.5714285714286,19.1428571428571,19.2857142857143,16.1428571428571,15.7142857142857,18,17.4285714285714,20.2857142857143,25.4285714285714,22.5714285714286,17,23.1428571428571,16.2857142857143,18.8571428571429,37,31,30.1428571428571,25.1428571428571,41.2857142857143,44.7142857142857,28.2857142857143,20,26.8571428571429,27.8571428571429,25.7142857142857,47.4285714285714,48.8571428571429,39,44.1428571428571,41.5714285714286
42,42.1428571428571,45.2857142857143,67.8571428571429,37.4285714285714,43.1428571428571,59.1428571428571,37,44.8571428571429,40.1428571428571,24.1428571428571,31.8571428571429,32.7142857142857,28.8571428571429,14.2857142857143,33.2857142857143,32.8571428571429,18.7142857142857,17.5714285714286,13.1428571428571,21.7142857142857,21.4285714285714,18,21.2857142857143,26,23,17.4285714285714,20.4285714285714,16.4285714285714,18.7142857142857,21.2857142857143,18.1428571428571,12.7142857142857,15.8571428571429,15.7142857142857,18.1428571428571,29.4285714285714,29.1428571428571,24.5714285714286,36,43.5714285714286,50.1428571428571,30.2857142857143,20,25.7142857142857,38,38.7142857142857,54.7142857142857,59.8571428571429,47.5714285714286,66.7142857142857,67.5714285714286
35.8571428571429,40,47.4285714285714,69,40.8571428571429,48.1428571428571,61.7142857142857,43.8571428571429,55.1428571428571,47.7142857142857,26.7142857142857,34.5714285714286,37.1428571428571,31.5714285714286,17.8571428571429,40.8571428571429,38.1428571428571,22.5714285714286,20.2857142857143,16.2857142857143,23.4285714285714,26,19.4285714285714,23.7142857142857,19,19.1428571428571,20.1428571428571,20.7142857142857,15.7142857142857,18.7142857142857,21.5714285714286,18.1428571428571,13.1428571428571,17.2857142857143,14.5714285714286,18.4285714285714,29.5714285714286,29,25.4285714285714,35.5714285714286,48.1428571428571,56.1428571428571,31.8571428571429,17.8571428571429,25.4285714285714,37.5714285714286,37.8571428571429,52.8571428571429,59,41.2857142857143,61.5714285714286,54.8571428571429
39.1428571428571,39.5714285714286,45.1428571428571,58.1428571428571,33.8571428571429,30.8571428571429,49.8571428571429,30.4285714285714,40,34.8571428571429,21,26.1428571428571,35.1428571428571,27,17.2857142857143,28,32,19.8571428571429,18.2857142857143,15,22,21.4285714285714,19,21.2857142857143,20.7142857142857,23.1428571428571,17.4285714285714,20.1428571428571,16.1428571428571,17.8571428571429,21.4285714285714,20.5714285714286,14.4285714285714,17.8571428571429,15.5714285714286,20,32.8571428571429,36,32.4285714285714,33.1428571428571,46.5714285714286,57.8571428571429,34.2857142857143,18.1428571428571,22.2857142857143,32,29.8571428571429,47.4285714285714,54.8571428571429,39,49.8571428571429,53.8571428571429
40.4285714285714,40.4285714285714,47.5714285714286,61.4285714285714,38.7142857142857,34.5714285714286,55.7142857142857,32.7142857142857,50.8571428571429,36.7142857142857,22.5714285714286,28.8571428571429,41.5714285714286,33.7142857142857,19.5714285714286,38.7142857142857,33.4285714285714,22.8571428571429,20.5714285714286,15.5714285714286,29.1428571428571,26.1428571428571,20.4285714285714,23.2857142857143,24,22.2857142857143,22,25.4285714285714,21.1428571428571,22.1428571428571,26.4285714285714,22.5714285714286,16.2857142857143,20.7142857142857,16.8571428571429,21,34.4285714285714,37.8571428571429,30.4285714285714,33.5714285714286,48.2857142857143,57.2857142857143,31,20.1428571428571,30.4285714285714,35,30.5714285714286,50.1428571428571,58.8571428571429,38.7142857142857,51.4285714285714,53.5714285714286
44.2857142857143,42.1428571428571,50.7142857142857,67.4285714285714,42.4285714285714,37.5714285714286,58.1428571428571,36.1428571428571,55,46.8571428571429,25.2857142857143,31.7142857142857,41.7142857142857,30.2857142857143,20.5714285714286,42.5714285714286,36.7142857142857,23.5714285714286,24.2857142857143,17.4285714285714,25.5714285714286,24.4285714285714,21.7142857142857,22.1428571428571,24,19,20.5714285714286,23,26.7142857142857,20,24,19.5714285714286,16.1428571428571,20.8571428571429,18,23.7142857142857,38,42.8571428571429,35.4285714285714,38.8571428571429,53,61.1428571428571,39,19.4285714285714,26.2857142857143,37,34.1428571428571,52.7142857142857,49.7142857142857,40.5714285714286,55.2857142857143,57.1428571428571
6,13.8571428571429,10.4285714285714,13,15,16.4285714285714,24.1428571428571,27.5714285714286,24.8571428571429,15.4285714285714,9.57142857142857,21.7142857142857,18.4285714285714,22,9.14285714285714,26.1428571428571,31.8571428571429,15,11.5714285714286,12,16.7142857142857,19,12.5714285714286,15.5714285714286,19.7142857142857,13.4285714285714,11.7142857142857,18,12.7142857142857,17.2857142857143,15.4285714285714,17.1428571428571,9,11.2857142857143,12.2857142857143,14.1428571428571,29.4285714285714,25,12.2857142857143,19.1428571428571,27.5714285714286,37.1428571428571,14.8571428571429,11.8571428571429,3.57142857142857,19.2857142857143,8.28571428571429,12.4285714285714,9.42857142857143,10.5714285714286,7.71428571428571,3.57142857142857
40.2857142857143,37.8571428571429,45.7142857142857,58,41.5714285714286,36.2857142857143,57,37.4285714285714,47.5714285714286,40.5714285714286,23.5714285714286,26.2857142857143,37.1428571428571,30.5714285714286,18,39.1428571428571,32,17.1428571428571,19.5714285714286,15.7142857142857,28.4285714285714,21.8571428571429,22.4285714285714,24.8571428571429,20.5714285714286,16.7142857142857,23.5714285714286,22.5714285714286,20.1428571428571,22.7142857142857,17,18.2857142857143,11.7142857142857,19.8571428571429,15.8571428571429,20.5714285714286,34.5714285714286,37.1428571428571,30.5714285714286,32,46.1428571428571,54.8571428571429,32,18.4285714285714,23.8571428571429,34.8571428571429,35.8571428571429,54.7142857142857,57.8571428571429,44,58.2857142857143,59.8571428571429
31.1428571428571,35,34.2857142857143,62,42,34.5714285714286,54.2857142857143,29.4285714285714,44,37.7142857142857,27,26.1428571428571,27.1428571428571,25.5714285714286,25.5714285714286,30.5714285714286,26.2857142857143,19.7142857142857,21.4285714285714,10.5714285714286,24.4285714285714,17.1428571428571,13.2857142857143,23.5714285714286,20.4285714285714,10.4285714285714,18.8571428571429,16.5714285714286,15.2857142857143,21,18.7142857142857,18.5714285714286,20,19.8571428571429,12.4285714285714,21.1428571428571,28,26.5714285714286,26.1428571428571,25.2857142857143,34.8571428571429,40.2857142857143,21.7142857142857,27.8571428571429,20.2857142857143,33.1428571428571,36.7142857142857,42.1428571428571,51.1428571428571,34.4285714285714,56.7142857142857,53.7142857142857
31.8571428571429,30.2857142857143,25.5714285714286,43.5714285714286,28,31.5714285714286,37.8571428571429,39.2857142857143,38.7142857142857,34.4285714285714,13.5714285714286,21.8571428571429,21.2857142857143,18.2857142857143,12,17.8571428571429,23.7142857142857,15.7142857142857,11.2857142857143,9.42857142857143,14.8571428571429,16.7142857142857,12.8571428571429,14.2857142857143,15.1428571428571,13,12.1428571428571,13.8571428571429,11,14.2857142857143,14.1428571428571,14.5714285714286,9.85714285714286,10.2857142857143,10,10.5714285714286,17.1428571428571,17.4285714285714,13,14.7142857142857,21.2857142857143,25.2857142857143,18.7142857142857,15.5714285714286,16.4285714285714,22.1428571428571,20.7142857142857,32.2857142857143,23.2857142857143,26.1428571428571,38.5714285714286,32.7142857142857
44.7142857142857,37.4285714285714,40.2857142857143,54.1428571428571,36.1428571428571,37.5714285714286,50.7142857142857,37.4285714285714,43.8571428571429,38,25.1428571428571,33.4285714285714,35.4285714285714,29.5714285714286,16.5714285714286,23.4285714285714,30.7142857142857,17.2857142857143,14.8571428571429,14.7142857142857,17.5714285714286,20.7142857142857,16.1428571428571,16,15.2857142857143,18.4285714285714,18.2857142857143,20.5714285714286,21.5714285714286,19.5714285714286,22.7142857142857,24.4285714285714,11.8571428571429,10.5714285714286,10.2857142857143,15.1428571428571,27.8571428571429,27.4285714285714,18.4285714285714,24.5714285714286,26,37.7142857142857,30,20.7142857142857,25.1428571428571,34.7142857142857,36.7142857142857,46.7142857142857,51.7142857142857,41.8571428571429,52.8571428571429,42.7142857142857
31,28,38,52.1428571428571,28.5714285714286,26.1428571428571,51.1428571428571,38.7142857142857,43.2857142857143,35.1428571428571,24.2857142857143,26,35.4285714285714,23.4285714285714,12.2857142857143,33.1428571428571,30.2857142857143,19.1428571428571,16.5714285714286,11.8571428571429,17.1428571428571,21.2857142857143,19.1428571428571,19.4285714285714,20.7142857142857,18.5714285714286,18.1428571428571,20.1428571428571,16.7142857142857,15.2857142857143,21.8571428571429,23,18.4285714285714,17.2857142857143,15.8571428571429,18.5714285714286,30.4285714285714,29,25.2857142857143,27.4285714285714,37.4285714285714,43.5714285714286,29.5714285714286,16,22.8571428571429,27.5714285714286,30.5714285714286,43.5714285714286,52.2857142857143,33.1428571428571,53.7142857142857,43.5714285714286
43,35.2857142857143,39.8571428571429,58.8571428571429,34.8571428571429,42.4285714285714,57.1428571428571,31.1428571428571,47.8571428571429,34.2857142857143,19.4285714285714,30.8571428571429,34.8571428571429,24.8571428571429,13.5714285714286,31.2857142857143,29.8571428571429,19.4285714285714,18.8571428571429,13.4285714285714,20,18.7142857142857,16.2857142857143,20.1428571428571,20.8571428571429,20.5714285714286,16.4285714285714,29.1428571428571,15.5714285714286,19,30.4285714285714,20.1428571428571,14.2857142857143,18.8571428571429,18.2857142857143,21.5714285714286,38.8571428571429,47.7142857142857,35,28.4285714285714,46.4285714285714,55.1428571428571,34.2857142857143,16.2857142857143,28.8571428571429,40,35.2857142857143,43,58.2857142857143,41.2857142857143,45,45
43.1428571428571,41.1428571428571,53.2857142857143,61.8571428571429,33.2857142857143,39,56.5714285714286,29.7142857142857,46.2857142857143,40.5714285714286,21.8571428571429,31.8571428571429,45.8571428571429,31.8571428571429,21.7142857142857,40.2857142857143,38.5714285714286,22.2857142857143,24.8571428571429,20.4285714285714,27.8571428571429,28.2857142857143,22.8571428571429,22.5714285714286,25,21.8571428571429,22,24.1428571428571,23,24.8571428571429,32.1428571428571,28.4285714285714,18.4285714285714,26.1428571428571,21.2857142857143,26,38.7142857142857,49.1428571428571,35.2857142857143,35.1428571428571,51.8571428571429,62.7142857142857,36.1428571428571,19.8571428571429,31.2857142857143,40,31.5714285714286,49.7142857142857,65.7142857142857,34.1428571428571,41.1428571428571,53.5714285714286
42.1428571428571,36,44.2857142857143,63.4285714285714,32.4285714285714,34.4285714285714,53,29.2857142857143,52.1428571428571,42.1428571428571,20.5714285714286,30.5714285714286,35.8571428571429,25.4285714285714,17.1428571428571,36,31.2857142857143,16.8571428571429,19,18.2857142857143,20.4285714285714,23.1428571428571,20.1428571428571,19,17.8571428571429,17,20.8571428571429,21.5714285714286,16.7142857142857,14.1428571428571,19.1428571428571,22.4285714285714,13.7142857142857,17.1428571428571,19.5714285714286,18.4285714285714,26.1428571428571,34.2857142857143,25.8571428571429,25.5714285714286,42.2857142857143,49.2857142857143,31.2857142857143,14.1428571428571,27.8571428571429,34.2857142857143,27.5714285714286,44.5714285714286,57.7142857142857,38.2857142857143,43.4285714285714,44.4285714285714
32.2857142857143,28.2857142857143,46.1428571428571,63.2857142857143,36.1428571428571,43.2857142857143,55.7142857142857,29.8571428571429,49.8571428571429,41.5714285714286,25.5714285714286,24,37.2857142857143,30.5714285714286,17.4285714285714,29.1428571428571,34,16,12.7142857142857,12.7142857142857,17.4285714285714,25.1428571428571,19.2857142857143,18.2857142857143,18.2857142857143,16.5714285714286,15.1428571428571,18.1428571428571,14.5714285714286,18.2857142857143,25.4285714285714,28,17.7142857142857,20.8571428571429,13.8571428571429,18.2857142857143,35.4285714285714,31.4285714285714,22.1428571428571,26.1428571428571,38.5714285714286,38,30.8571428571429,14.1428571428571,24.8571428571429,29.5714285714286,25.7142857142857,45.4285714285714,54.8571428571429,30,48.5714285714286,38.8571428571429
52.2857142857143,43.8571428571429,52.8571428571429,75.7142857142857,40.1428571428571,47,67,38.7142857142857,54.4285714285714,48.2857142857143,32.2857142857143,30.5714285714286,46.2857142857143,32.2857142857143,22.2857142857143,42.8571428571429,42.2857142857143,18.5714285714286,24.8571428571429,21.7142857142857,31.1428571428571,28.2857142857143,25.2857142857143,24.8571428571429,25.7142857142857,27.5714285714286,20.5714285714286,24.8571428571429,29.4285714285714,29,45,40.5714285714286,22.4285714285714,23.5714285714286,29.2857142857143,33.2857142857143,53.8571428571429,45.4285714285714,40.5714285714286,39.8571428571429,46.8571428571429,61.4285714285714,38.5714285714286,17.7142857142857,23.5714285714286,44.7142857142857,45.8571428571429,72.1428571428571,66.7142857142857,66.5714285714286,62.7142857142857,50.7142857142857
36.5714285714286,38.5714285714286,41.1428571428571,56.4285714285714,26.5714285714286,42.2857142857143,33.2857142857143,34.5714285714286,45.2857142857143,35.7142857142857,18,27.5714285714286,29.7142857142857,23.8571428571429,18.5714285714286,27.7142857142857,29.1428571428571,19.2857142857143,18.4285714285714,13.2857142857143,20.4285714285714,23,14.5714285714286,17.4285714285714,17.2857142857143,16,16.7142857142857,20,19,18.8571428571429,22.4285714285714,21.1428571428571,14,22.4285714285714,18.1428571428571,17,29.2857142857143,29.4285714285714,27.5714285714286,24.7142857142857,40.4285714285714,48.2857142857143,27.8571428571429,19.7142857142857,29.2857142857143,34.8571428571429,26.5714285714286,46.7142857142857,55.5714285714286,41.7142857142857,43,43
36.5714285714286,28.1428571428571,36.7142857142857,57.7142857142857,26.8571428571429,32.2857142857143,54.4285714285714,27.2857142857143,45.8571428571429,34.5714285714286,17.7142857142857,27.4285714285714,31,22.8571428571429,14.5714285714286,29.1428571428571,28.5714285714286,18.7142857142857,19.2857142857143,12.8571428571429,18.4285714285714,19.1428571428571,13.8571428571429,19,17.2857142857143,15.5714285714286,20.7142857142857,23,21.8571428571429,20.1428571428571,27.4285714285714,21.5714285714286,15.8571428571429,22.7142857142857,22.4285714285714,19.7142857142857,29.5714285714286,37,24,26,41.1428571428571,49.4285714285714,28,14,22.5714285714286,28.5714285714286,24.5714285714286,41.4285714285714,51.1428571428571,37,42.5714285714286,41.8571428571429
44,32.2857142857143,44,53.1428571428571,44.2857142857143,39.1428571428571,56.4285714285714,48.4285714285714,56.5714285714286,39.4285714285714,24.8571428571429,34,38.1428571428571,31.8571428571429,16.7142857142857,35,34.4285714285714,20.5714285714286,18.7142857142857,18,24.8571428571429,24.1428571428571,19.5714285714286,17.5714285714286,22.7142857142857,17.7142857142857,15.8571428571429,17.5714285714286,16.4285714285714,17.4285714285714,21.8571428571429,20.7142857142857,13,15.7142857142857,11.8571428571429,15.8571428571429,27.2857142857143,25.4285714285714,15.8571428571429,18.1428571428571,28.1428571428571,29.7142857142857,23,17.8571428571429,21.2857142857143,31.2857142857143,28,39,50.1428571428571,38,52.4285714285714,32.2857142857143
35,34.1428571428571,39.7142857142857,58.2857142857143,41.2857142857143,35.2857142857143,55,34.5714285714286,44.2857142857143,35.1428571428571,19.4285714285714,26.5714285714286,30.2857142857143,29.1428571428571,15.2857142857143,36.4285714285714,33.7142857142857,16.4285714285714,15.7142857142857,12.8571428571429,20.2857142857143,20.5714285714286,16,19.5714285714286,22.1428571428571,20,16.1428571428571,21.8571428571429,14.4285714285714,17.4285714285714,21.8571428571429,18.2857142857143,15.2857142857143,16,16.8571428571429,18.1428571428571,30,30,25.5714285714286,27.1428571428571,35.2857142857143,46.4285714285714,30.2857142857143,15.1428571428571,21,31,32.7142857142857,49.1428571428571,52.7142857142857,41.1428571428571,59.1428571428571,48.8571428571429
46.5714285714286,35.1428571428571,38.5714285714286,58.5714285714286,30.1428571428571,33.8571428571429,36,19.7142857142857,43.7142857142857,33.2857142857143,23.1428571428571,26.1428571428571,30.7142857142857,24.7142857142857,22.7142857142857,27.5714285714286,27.7142857142857,20.1428571428571,22.1428571428571,15,24.8571428571429,28.4285714285714,21.2857142857143,17.5714285714286,20.5714285714286,16.5714285714286,17.1428571428571,19.2857142857143,22.4285714285714,24,26.2857142857143,24.2857142857143,20.7142857142857,22.7142857142857,18.4285714285714,16.5714285714286,40.4285714285714,27,26.1428571428571,26,47.1428571428571,49.8571428571429,33,20.2857142857143,29,31.4285714285714,29.4285714285714,36.2857142857143,46.8571428571429,36.4285714285714,42.8571428571429,38.1428571428571
35.2857142857143,37.1428571428571,31.4285714285714,45.4285714285714,29.4285714285714,31.8571428571429,35.5714285714286,36.8571428571429,34.5714285714286,31.7142857142857,12.4285714285714,22.7142857142857,19.5714285714286,18.1428571428571,11.7142857142857,17.2857142857143,21.2857142857143,15.2857142857143,12.2857142857143,10,15,17,13,14.4285714285714,15.8571428571429,12.4285714285714,12.4285714285714,13.8571428571429,10.7142857142857,15.1428571428571,15.2857142857143,13.8571428571429,10.1428571428571,9.57142857142857,10.8571428571429,11.7142857142857,17.5714285714286,19.1428571428571,14.5714285714286,14.8571428571429,22.1428571428571,24,20,20.2857142857143,19.7142857142857,25.5714285714286,22.7142857142857,36,31.1428571428571,33.7142857142857,40.8571428571429,39.2857142857143
37.7142857142857,33.5714285714286,32,43.2857142857143,32.5714285714286,31.5714285714286,37.1428571428571,40.5714285714286,38.1428571428571,33.1428571428571,16.1428571428571,21.1428571428571,21,17.5714285714286,14.1428571428571,18.7142857142857,24.4285714285714,15.7142857142857,13.2857142857143,11.7142857142857,15,13.5714285714286,14.5714285714286,15.4285714285714,16.8571428571429,14.7142857142857,14.5714285714286,14.7142857142857,12.4285714285714,15.8571428571429,15.5714285714286,15.5714285714286,11.5714285714286,11.8571428571429,12,13,18.2857142857143,19.8571428571429,18.7142857142857,16.8571428571429,23,25.4285714285714,23,16.5714285714286,20.5714285714286,26.1428571428571,23.7142857142857,37,33.4285714285714,37.2857142857143,45,42.5714285714286
42.4285714285714,40.5714285714286,50.4285714285714,68.4285714285714,29.7142857142857,44.5714285714286,56.4285714285714,36,44.2857142857143,48.7142857142857,31.8571428571429,33.4285714285714,44.7142857142857,40.1428571428571,30.1428571428571,48.1428571428571,43,25.7142857142857,30.2857142857143,23,32.5714285714286,33.5714285714286,24.5714285714286,30,22.2857142857143,21.4285714285714,23.7142857142857,29.4285714285714,25.8571428571429,26.5714285714286,28.7142857142857,29.2857142857143,27,26.2857142857143,32.8571428571429,27.2857142857143,52.2857142857143,49.5714285714286,35.4285714285714,37.4285714285714,52.5714285714286,60.4285714285714,37.5714285714286,22.5714285714286,34.4285714285714,37.4285714285714,29,46.7142857142857,52.4285714285714,46.2857142857143,46.8571428571429,45
44.8571428571429,43.5714285714286,47.8571428571429,64.1428571428571,30.7142857142857,39.7142857142857,49.5714285714286,33.4285714285714,51.5714285714286,44.4285714285714,23.7142857142857,30.4285714285714,37.8571428571429,29.8571428571429,24.4285714285714,36.4285714285714,39.2857142857143,23.4285714285714,24.2857142857143,18.4285714285714,29.2857142857143,29.2857142857143,21.5714285714286,24.1428571428571,23,21,22.8571428571429,29.7142857142857,26.1428571428571,26.5714285714286,34.5714285714286,31,27.8571428571429,19.7142857142857,24.2857142857143,28.1428571428571,51.4285714285714,47.7142857142857,29.1428571428571,30.4285714285714,47.4285714285714,58.8571428571429,36.1428571428571,23.5714285714286,36.1428571428571,37.2857142857143,28.8571428571429,49.5714285714286,57.1428571428571,43.5714285714286,48.5714285714286,47.1428571428571
42.7142857142857,37.2857142857143,44.5714285714286,61.2857142857143,32.4285714285714,36,54.2857142857143,31.7142857142857,50.2857142857143,39.4285714285714,21.2857142857143,27.7142857142857,44.4285714285714,33.1428571428571,19.5714285714286,45.2857142857143,40.4285714285714,22,22.5714285714286,17.7142857142857,27.2857142857143,24.5714285714286,18.4285714285714,21.7142857142857,24,19.8571428571429,19.5714285714286,27.1428571428571,20.2857142857143,23.7142857142857,28.4285714285714,25.1428571428571,19.5714285714286,24.5714285714286,20.7142857142857,24.8571428571429,47.7142857142857,47.1428571428571,31.2857142857143,34.1428571428571,52.4285714285714,59.7142857142857,33.4285714285714,16.8571428571429,26.2857142857143,29.5714285714286,22.5714285714286,43.7142857142857,61.1428571428571,50.8571428571429,46.4285714285714,43.7142857142857
38.5714285714286,35.5714285714286,46,64.1428571428571,28.1428571428571,33.8571428571429,51.8571428571429,34.1428571428571,45.8571428571429,45.1428571428571,24.4285714285714,29.8571428571429,35.7142857142857,28.8571428571429,15.4285714285714,32.2857142857143,31.1428571428571,18,16.4285714285714,11.8571428571429,20.4285714285714,23.4285714285714,19,21.7142857142857,21.4285714285714,18.8571428571429,19.2857142857143,16.5714285714286,15.8571428571429,15,18.1428571428571,24.1428571428571,17.8571428571429,20,16.4285714285714,19.4285714285714,35.2857142857143,32.8571428571429,29.8571428571429,32.5714285714286,44,49.8571428571429,31.2857142857143,18.1428571428571,22.1428571428571,32.7142857142857,33.5714285714286,46.8571428571429,47.2857142857143,41.1428571428571,55.4285714285714,50.8571428571429
33.7142857142857,30.1428571428571,38.5714285714286,51.2857142857143,38.1428571428571,33.5714285714286,55.5714285714286,32,48.4285714285714,35.8571428571429,16.7142857142857,26.1428571428571,26.7142857142857,21.5714285714286,10.8571428571429,31.2857142857143,29.8571428571429,15.4285714285714,10.7142857142857,12.1428571428571,15.8571428571429,22.8571428571429,20.7142857142857,17.5714285714286,18.4285714285714,15.7142857142857,16.8571428571429,18.2857142857143,13.5714285714286,17.5714285714286,19.2857142857143,16.2857142857143,14,14.8571428571429,13,14.8571428571429,24.5714285714286,24.1428571428571,21.5714285714286,22.2857142857143,27.2857142857143,34.8571428571429,26.8571428571429,11.8571428571429,20.4285714285714,27.8571428571429,25,36.5714285714286,43.4285714285714,37.7142857142857,45.8571428571429,40
26.8571428571429,28.7142857142857,25.7142857142857,49.8571428571429,39.7142857142857,32.1428571428571,51.8571428571429,40.8571428571429,47,35.5714285714286,12.2857142857143,28.4285714285714,25.2857142857143,20.2857142857143,10.2857142857143,27,27,16,12.8571428571429,10.5714285714286,17.1428571428571,17.7142857142857,16,15.7142857142857,16.8571428571429,14.4285714285714,14.4285714285714,16.2857142857143,11.5714285714286,16.4285714285714,16.8571428571429,16.2857142857143,10.8571428571429,11.8571428571429,10,12,22.2857142857143,24.1428571428571,15.8571428571429,21.7142857142857,29.7142857142857,35.5714285714286,20.2857142857143,13.8571428571429,15.7142857142857,25,24.8571428571429,40.8571428571429,39.8571428571429,29,51.1428571428571,38
26.1428571428571,25.5714285714286,29.1428571428571,42.8571428571429,36.8571428571429,31.8571428571429,48.1428571428571,37.7142857142857,43.7142857142857,30.5714285714286,19.1428571428571,31,27,23.7142857142857,13,29.7142857142857,29.5714285714286,19.7142857142857,15.1428571428571,14.2857142857143,18.2857142857143,23.1428571428571,15.8571428571429,15.8571428571429,16.5714285714286,13.7142857142857,12.8571428571429,21.7142857142857,11.5714285714286,17.4285714285714,18.4285714285714,15.7142857142857,12.2857142857143,11,13.8571428571429,15.2857142857143,28.1428571428571,26,19.5714285714286,23.7142857142857,29.7142857142857,32.7142857142857,23.7142857142857,11.7142857142857,19,24.8571428571429,21.7142857142857,38.1428571428571,34.5714285714286,33.5714285714286,43.4285714285714,34
46,38.7142857142857,45.5714285714286,65.4285714285714,34,40.1428571428571,64,31.2857142857143,50,38.7142857142857,20,32.4285714285714,37.7142857142857,29.8571428571429,16,36.8571428571429,34.4285714285714,19.5714285714286,20.4285714285714,16.1428571428571,27.2857142857143,28.4285714285714,22.1428571428571,24.5714285714286,25.4285714285714,20.5714285714286,20.7142857142857,29.5714285714286,23.2857142857143,25,30.4285714285714,23.7142857142857,19.4285714285714,26.7142857142857,19.1428571428571,24,42.2857142857143,48.2857142857143,30.4285714285714,32.2857142857143,54.8571428571429,70.4285714285714,41.7142857142857,13,25.5714285714286,40.8571428571429,29.5714285714286,42.4285714285714,58.7142857142857,41.7142857142857,42.2857142857143,43.5714285714286
35.4285714285714,32.8571428571429,38.4285714285714,58.8571428571429,30.8571428571429,33.5714285714286,48.8571428571429,24.8571428571429,41.8571428571429,33.8571428571429,19.2857142857143,29.8571428571429,35.4285714285714,27,17.8571428571429,30.8571428571429,31.8571428571429,21.1428571428571,18.1428571428571,12.1428571428571,18.8571428571429,22.8571428571429,15.5714285714286,16.1428571428571,18.4285714285714,14.7142857142857,19.8571428571429,24.5714285714286,16.4285714285714,17.1428571428571,28.7142857142857,19.1428571428571,16.2857142857143,22.4285714285714,21.5714285714286,17.5714285714286,28.7142857142857,32.2857142857143,23.4285714285714,20.4285714285714,41.8571428571429,52.8571428571429,35.5714285714286,18.4285714285714,38.7142857142857,42.7142857142857,22.4285714285714,39.8571428571429,50.8571428571429,41.7142857142857,40.7142857142857,40.7142857142857
